target,branch_id,file,function,line,col,side,source_line,n_decisive_pairs,decisive_pairs,involved_fuzzers,naive_resolved,naive_blocked,naive_unreached,cmplog_resolved,cmplog_blocked,cmplog_unreached,value_profile_resolved,value_profile_blocked,value_profile_unreached,value_profile_cmplog_resolved,value_profile_cmplog_blocked,value_profile_cmplog_unreached,max_prob_div,max_dur_div,max_hit_div
openthread,8458,/src/openthread/src/core/common/time_ticker.cpp,ot::TimeTicker::HandleTimer(),108,9,T,    if (mReceivers & Mask(kIp6FragmentReassembler)),2,"[{""A"":""cmplog"",""B"":""naive"",""delta"":""I2S"",""direction"":""A>B"",""winner"":""cmplog"",""loser"":""naive"",""winner_resolved"":10,""loser_blocked"":10,""prob_div"":1.0,""dur_div"":10.15,""hit_div"":286.6},{""A"":""value_profile_cmplog"",""B"":""value_profile"",""delta"":""I2S"",""direction"":""A>B"",""winner"":""value_profile_cmplog"",""loser"":""value_profile"",""winner_resolved"":10,""loser_blocked"":10,""prob_div"":1.0,""dur_div"":10.3,""hit_div"":233.8}]","[""cmplog"", ""naive"", ""value_profile"", ""value_profile_cmplog""]",0,10,0,10,0,0,0,10,0,10,0,0,1.0,10.3,286.6
openthread,8460,/src/openthread/src/core/net/checksum.cpp,"ot::Checksum::VerifyMessageChecksum(ot::Message const&, ot::Ip6::MessageInfo const&, unsigned char)",154,12,F,    return (checksum.GetValue() == kValidRxChecksum) ? kErrorNone : kErrorDrop;,2,"[{""A"":""cmplog"",""B"":""naive"",""delta"":""I2S"",""direction"":""A>B"",""winner"":""cmplog"",""loser"":""naive"",""winner_resolved"":10,""loser_blocked"":10,""prob_div"":1.0,""dur_div"":11.7,""hit_div"":185.4},{""A"":""value_profile_cmplog"",""B"":""value_profile"",""delta"":""I2S"",""direction"":""A>B"",""winner"":""value_profile_cmplog"",""loser"":""value_profile"",""winner_resolved"":10,""loser_blocked"":10,""prob_div"":1.0,""dur_div"":11.7,""hit_div"":143.4}]","[""cmplog"", ""naive"", ""value_profile"", ""value_profile_cmplog""]",0,10,0,10,0,0,0,10,0,10,0,0,1.0,11.7,185.4
openthread,8464,/src/openthread/src/core/net/ip6.cpp,"ot::Ip6::Ip6::HandleExtensionHeaders(ot::Message&, ot::Ip6::Ip6::MessageOrigin, ot::Ip6::MessageInfo&, ot::Ip6::Header&, unsigned char&, bool&)",894,9,T,        case kProtoFragment:,2,"[{""A"":""cmplog"",""B"":""naive"",""delta"":""I2S"",""direction"":""A>B"",""winner"":""cmplog"",""loser"":""naive"",""winner_resolved"":10,""loser_blocked"":10,""prob_div"":1.0,""dur_div"":10.95,""hit_div"":308.5},{""A"":""value_profile_cmplog"",""B"":""value_profile"",""delta"":""I2S"",""direction"":""A>B"",""winner"":""value_profile_cmplog"",""loser"":""value_profile"",""winner_resolved"":10,""loser_blocked"":10,""prob_div"":1.0,""dur_div"":10.65,""hit_div"":215.4}]","[""cmplog"", ""naive"", ""value_profile"", ""value_profile_cmplog""]",0,10,0,10,0,0,0,10,0,10,0,0,1.0,10.95,308.5
openthread,8465,/src/openthread/src/core/net/ip6.cpp,"ot::Ip6::Ip6::HandleExtensionHeaders(ot::Message&, ot::Ip6::Ip6::MessageOrigin, ot::Ip6::MessageInfo&, ot::Ip6::Header&, unsigned char&, bool&)",900,9,T,        case kProtoDstOpts:,2,"[{""A"":""cmplog"",""B"":""naive"",""delta"":""I2S"",""direction"":""A>B"",""winner"":""cmplog"",""loser"":""naive"",""winner_resolved"":10,""loser_blocked"":10,""prob_div"":1.0,""dur_div"":11.15,""hit_div"":206.3},{""A"":""value_profile_cmplog"",""B"":""value_profile"",""delta"":""I2S"",""direction"":""A>B"",""winner"":""value_profile_cmplog"",""loser"":""value_profile"",""winner_resolved"":10,""loser_blocked"":10,""prob_div"":1.0,""dur_div"":10.75,""hit_div"":174.8}]","[""cmplog"", ""naive"", ""value_profile"", ""value_profile_cmplog""]",0,10,0,10,0,0,0,10,0,10,0,0,1.0,11.15,206.3
openthread,8466,/src/openthread/src/core/net/ip6.cpp,"ot::Ip6::Ip6::HandleExtensionHeaders(ot::Message&, ot::Ip6::Ip6::MessageOrigin, ot::Ip6::MessageInfo&, ot::Ip6::Header&, unsigned char&, bool&)",904,9,T,        case kProtoIp6:,2,"[{""A"":""cmplog"",""B"":""naive"",""delta"":""I2S"",""direction"":""A>B"",""winner"":""cmplog"",""loser"":""naive"",""winner_resolved"":10,""loser_blocked"":10,""prob_div"":1.0,""dur_div"":11.4,""hit_div"":12.7},{""A"":""value_profile_cmplog"",""B"":""value_profile"",""delta"":""I2S"",""direction"":""A>B"",""winner"":""value_profile_cmplog"",""loser"":""value_profile"",""winner_resolved"":10,""loser_blocked"":10,""prob_div"":1.0,""dur_div"":11.5,""hit_div"":11.2}]","[""cmplog"", ""naive"", ""value_profile"", ""value_profile_cmplog""]",0,10,0,10,0,0,0,10,0,10,0,0,1.0,11.5,12.7
openthread,8467,/src/openthread/src/core/net/ip6.cpp,"ot::Ip6::Ip6::HandleExtensionHeaders(ot::Message&, ot::Ip6::Ip6::MessageOrigin, ot::Ip6::MessageInfo&, ot::Ip6::Header&, unsigned char&, bool&)",907,9,T,        case kProtoRouting:,2,"[{""A"":""cmplog"",""B"":""naive"",""delta"":""I2S"",""direction"":""A>B"",""winner"":""cmplog"",""loser"":""naive"",""winner_resolved"":10,""loser_blocked"":10,""prob_div"":1.0,""dur_div"":11.1,""hit_div"":7.5},{""A"":""value_profile_cmplog"",""B"":""value_profile"",""delta"":""I2S"",""direction"":""A>B"",""winner"":""value_profile_cmplog"",""loser"":""value_profile"",""winner_resolved"":10,""loser_blocked"":10,""prob_div"":1.0,""dur_div"":10.95,""hit_div"":7.7}]","[""cmplog"", ""naive"", ""value_profile"", ""value_profile_cmplog""]",0,10,0,10,0,0,0,10,0,10,0,0,1.0,11.1,7.7
openthread,8468,/src/openthread/src/core/net/ip6.cpp,"ot::Ip6::Ip6::HandleExtensionHeaders(ot::Message&, ot::Ip6::Ip6::MessageOrigin, ot::Ip6::MessageInfo&, ot::Ip6::Header&, unsigned char&, bool&)",908,9,T,        case kProtoNone:,2,"[{""A"":""cmplog"",""B"":""naive"",""delta"":""I2S"",""direction"":""A>B"",""winner"":""cmplog"",""loser"":""naive"",""winner_resolved"":10,""loser_blocked"":10,""prob_div"":1.0,""dur_div"":11.3,""hit_div"":7.1},{""A"":""value_profile_cmplog"",""B"":""value_profile"",""delta"":""I2S"",""direction"":""A>B"",""winner"":""value_profile_cmplog"",""loser"":""value_profile"",""winner_resolved"":10,""loser_blocked"":10,""prob_div"":1.0,""dur_div"":11.2,""hit_div"":6.6}]","[""cmplog"", ""naive"", ""value_profile"", ""value_profile_cmplog""]",0,10,0,10,0,0,0,10,0,10,0,0,1.0,11.3,7.1
openthread,8469,/src/openthread/src/core/net/ip6.cpp,"ot::Ip6::Ip6::HandlePayload(ot::Ip6::Header&, ot::Message&, ot::Ip6::MessageInfo&, unsigned char, ot::Message::Ownership)",937,5,F,    case kProtoUdp:,2,"[{""A"":""cmplog"",""B"":""naive"",""delta"":""I2S"",""direction"":""A>B"",""winner"":""cmplog"",""loser"":""naive"",""winner_resolved"":10,""loser_blocked"":10,""prob_div"":1.0,""dur_div"":11.8,""hit_div"":44.2},{""A"":""value_profile_cmplog"",""B"":""value_profile"",""delta"":""I2S"",""direction"":""A>B"",""winner"":""value_profile_cmplog"",""loser"":""value_profile"",""winner_resolved"":10,""loser_blocked"":10,""prob_div"":1.0,""dur_div"":11.9,""hit_div"":50.9}]","[""cmplog"", ""naive"", ""value_profile"", ""value_profile_cmplog""]",0,10,0,10,0,0,0,10,0,10,0,0,1.0,11.9,50.9
openthread,8470,/src/openthread/src/core/net/ip6.cpp,"ot::Ip6::Ip6::HandlePayload(ot::Ip6::Header&, ot::Message&, ot::Ip6::MessageInfo&, unsigned char, ot::Message::Ownership)",938,5,T,    case kProtoIcmp6:,2,"[{""A"":""cmplog"",""B"":""naive"",""delta"":""I2S"",""direction"":""A>B"",""winner"":""cmplog"",""loser"":""naive"",""winner_resolved"":10,""loser_blocked"":10,""prob_div"":1.0,""dur_div"":10.85,""hit_div"":10.5},{""A"":""value_profile_cmplog"",""B"":""value_profile"",""delta"":""I2S"",""direction"":""A>B"",""winner"":""value_profile_cmplog"",""loser"":""value_profile"",""winner_resolved"":10,""loser_blocked"":10,""prob_div"":1.0,""dur_div"":11.65,""hit_div"":18.1}]","[""cmplog"", ""naive"", ""value_profile"", ""value_profile_cmplog""]",0,10,0,10,0,0,0,10,0,10,0,0,1.0,11.65,18.1
openthread,8471,/src/openthread/src/core/net/ip6.cpp,"ot::Ip6::Ip6::HandlePayload(ot::Ip6::Header&, ot::Message&, ot::Ip6::MessageInfo&, unsigned char, ot::Message::Ownership)",941,5,T,    case kProtoTcp:,2,"[{""A"":""cmplog"",""B"":""naive"",""delta"":""I2S"",""direction"":""A>B"",""winner"":""cmplog"",""loser"":""naive"",""winner_resolved"":10,""loser_blocked"":10,""prob_div"":1.0,""dur_div"":11.7,""hit_div"":11.0},{""A"":""value_profile_cmplog"",""B"":""value_profile"",""delta"":""I2S"",""direction"":""A>B"",""winner"":""value_profile_cmplog"",""loser"":""value_profile"",""winner_resolved"":10,""loser_blocked"":10,""prob_div"":1.0,""dur_div"":11.75,""hit_div"":12.9}]","[""cmplog"", ""naive"", ""value_profile"", ""value_profile_cmplog""]",0,10,0,10,0,0,0,10,0,10,0,0,1.0,11.75,12.9
openthread,8472,/src/openthread/src/core/net/ip6.cpp,"ot::Ip6::Ip6::HandlePayload(ot::Ip6::Header&, ot::Message&, ot::Ip6::MessageInfo&, unsigned char, ot::Message::Ownership)",944,5,T,    default:,2,"[{""A"":""cmplog"",""B"":""naive"",""delta"":""I2S"",""direction"":""A>B"",""winner"":""cmplog"",""loser"":""naive"",""winner_resolved"":10,""loser_blocked"":10,""prob_div"":1.0,""dur_div"":11.4,""hit_div"":22.7},{""A"":""value_profile_cmplog"",""B"":""value_profile"",""delta"":""I2S"",""direction"":""A>B"",""winner"":""value_profile_cmplog"",""loser"":""value_profile"",""winner_resolved"":10,""loser_blocked"":10,""prob_div"":1.0,""dur_div"":11.85,""hit_div"":19.9}]","[""cmplog"", ""naive"", ""value_profile"", ""value_profile_cmplog""]",0,10,0,10,0,0,0,10,0,10,0,0,1.0,11.85,22.7
openthread,8473,/src/openthread/src/core/net/ip6.cpp,"ot::Ip6::Ip6::HandlePayload(ot::Ip6::Header&, ot::Message&, ot::Ip6::MessageInfo&, unsigned char, ot::Message::Ownership)",956,5,T,    case kProtoTcp:,2,"[{""A"":""cmplog"",""B"":""naive"",""delta"":""I2S"",""direction"":""A>B"",""winner"":""cmplog"",""loser"":""naive"",""winner_resolved"":10,""loser_blocked"":10,""prob_div"":1.0,""dur_div"":11.7,""hit_div"":11.0},{""A"":""value_profile_cmplog"",""B"":""value_profile"",""delta"":""I2S"",""direction"":""A>B"",""winner"":""value_profile_cmplog"",""loser"":""value_profile"",""winner_resolved"":10,""loser_blocked"":10,""prob_div"":1.0,""dur_div"":11.75,""hit_div"":12.9}]","[""cmplog"", ""naive"", ""value_profile"", ""value_profile_cmplog""]",0,10,0,10,0,0,0,10,0,10,0,0,1.0,11.75,12.9
openthread,8474,/src/openthread/src/core/net/ip6.cpp,"ot::Ip6::Ip6::HandlePayload(ot::Ip6::Header&, ot::Message&, ot::Ip6::MessageInfo&, unsigned char, ot::Message::Ownership)",964,5,F,    case kProtoUdp:,2,"[{""A"":""cmplog"",""B"":""naive"",""delta"":""I2S"",""direction"":""A>B"",""winner"":""cmplog"",""loser"":""naive"",""winner_resolved"":10,""loser_blocked"":10,""prob_div"":1.0,""dur_div"":11.75,""hit_div"":21.5},{""A"":""value_profile_cmplog"",""B"":""value_profile"",""delta"":""I2S"",""direction"":""A>B"",""winner"":""value_profile_cmplog"",""loser"":""value_profile"",""winner_resolved"":10,""loser_blocked"":10,""prob_div"":1.0,""dur_div"":11.8,""hit_div"":31.0}]","[""cmplog"", ""naive"", ""value_profile"", ""value_profile_cmplog""]",0,10,0,10,0,0,0,10,0,10,0,0,1.0,11.8,31.0
openthread,8475,/src/openthread/src/core/net/ip6.cpp,"ot::Ip6::Ip6::HandlePayload(ot::Ip6::Header&, ot::Message&, ot::Ip6::MessageInfo&, unsigned char, ot::Message::Ownership)",966,13,T,        if (error == kErrorDrop),2,"[{""A"":""cmplog"",""B"":""naive"",""delta"":""I2S"",""direction"":""A>B"",""winner"":""cmplog"",""loser"":""naive"",""winner_resolved"":10,""loser_blocked"":10,""prob_div"":1.0,""dur_div"":11.1,""hit_div"":173.0},{""A"":""value_profile_cmplog"",""B"":""value_profile"",""delta"":""I2S"",""direction"":""A>B"",""winner"":""value_profile_cmplog"",""loser"":""value_profile"",""winner_resolved"":10,""loser_blocked"":10,""prob_div"":1.0,""dur_div"":11.35,""hit_div"":123.5}]","[""cmplog"", ""naive"", ""value_profile"", ""value_profile_cmplog""]",0,10,0,10,0,0,0,10,0,10,0,0,1.0,11.35,173.0
openthread,8476,/src/openthread/src/core/net/ip6.cpp,"ot::Ip6::Ip6::HandlePayload(ot::Ip6::Header&, ot::Message&, ot::Ip6::MessageInfo&, unsigned char, ot::Message::Ownership)",972,5,T,    case kProtoIcmp6:,2,"[{""A"":""cmplog"",""B"":""naive"",""delta"":""I2S"",""direction"":""A>B"",""winner"":""cmplog"",""loser"":""naive"",""winner_resolved"":10,""loser_blocked"":10,""prob_div"":1.0,""dur_div"":10.85,""hit_div"":10.5},{""A"":""value_profile_cmplog"",""B"":""value_profile"",""delta"":""I2S"",""direction"":""A>B"",""winner"":""value_profile_cmplog"",""loser"":""value_profile"",""winner_resolved"":10,""loser_blocked"":10,""prob_div"":1.0,""dur_div"":11.65,""hit_div"":18.1}]","[""cmplog"", ""naive"", ""value_profile"", ""value_profile_cmplog""]",0,10,0,10,0,0,0,10,0,10,0,0,1.0,11.65,18.1
openthread,8477,/src/openthread/src/core/net/ip6.cpp,"ot::Ip6::Ip6::HandlePayload(ot::Ip6::Header&, ot::Message&, ot::Ip6::MessageInfo&, unsigned char, ot::Message::Ownership)",981,9,T,    if (error != kErrorNone),2,"[{""A"":""cmplog"",""B"":""naive"",""delta"":""I2S"",""direction"":""A>B"",""winner"":""cmplog"",""loser"":""naive"",""winner_resolved"":10,""loser_blocked"":10,""prob_div"":1.0,""dur_div"":11.8,""hit_div"":195.0},{""A"":""value_profile_cmplog"",""B"":""value_profile"",""delta"":""I2S"",""direction"":""A>B"",""winner"":""value_profile_cmplog"",""loser"":""value_profile"",""winner_resolved"":10,""loser_blocked"":10,""prob_div"":1.0,""dur_div"":11.8,""hit_div"":154.8}]","[""cmplog"", ""naive"", ""value_profile"", ""value_profile_cmplog""]",0,10,0,10,0,0,0,10,0,10,0,0,1.0,11.8,195.0
openthread,8478,/src/openthread/src/core/net/ip6.cpp,"ot::Ip6::Ip6::HandleDatagram(ot::Message&, ot::Ip6::Ip6::MessageOrigin, void const*, bool)",1245,9,T,    if (aIsReassembled),2,"[{""A"":""cmplog"",""B"":""naive"",""delta"":""I2S"",""direction"":""A>B"",""winner"":""cmplog"",""loser"":""naive"",""winner_resolved"":10,""loser_blocked"":10,""prob_div"":1.0,""dur_div"":10.0,""hit_div"":164.2},{""A"":""value_profile_cmplog"",""B"":""value_profile"",""delta"":""I2S"",""direction"":""A>B"",""winner"":""value_profile_cmplog"",""loser"":""value_profile"",""winner_resolved"":10,""loser_blocked"":10,""prob_div"":1.0,""dur_div"":10.3,""hit_div"":121.2}]","[""cmplog"", ""naive"", ""value_profile"", ""value_profile_cmplog""]",0,10,0,10,0,0,0,10,0,10,0,0,1.0,10.3,164.2
openthread,8479,/src/openthread/src/core/net/ip6.cpp,"ot::Ip6::Ip6::HandleDatagram(ot::Message&, ot::Ip6::Ip6::MessageOrigin, void const*, bool)",1259,13,T,        if (nextHeader == kProtoIp6),2,"[{""A"":""cmplog"",""B"":""naive"",""delta"":""I2S"",""direction"":""A>B"",""winner"":""cmplog"",""loser"":""naive"",""winner_resolved"":10,""loser_blocked"":10,""prob_div"":1.0,""dur_div"":11.4,""hit_div"":12.7},{""A"":""value_profile_cmplog"",""B"":""value_profile"",""delta"":""I2S"",""direction"":""A>B"",""winner"":""value_profile_cmplog"",""loser"":""value_profile"",""winner_resolved"":10,""loser_blocked"":10,""prob_div"":1.0,""dur_div"":11.5,""hit_div"":11.2}]","[""cmplog"", ""naive"", ""value_profile"", ""value_profile_cmplog""]",0,10,0,10,0,0,0,10,0,10,0,0,1.0,11.5,12.7
openthread,8480,/src/openthread/src/core/net/ip6.cpp,"ot::Ip6::Ip6::HandleDatagram(ot::Message&, ot::Ip6::Ip6::MessageOrigin, void const*, bool)",1267,13,F,        if (!aIsReassembled),2,"[{""A"":""cmplog"",""B"":""naive"",""delta"":""I2S"",""direction"":""A>B"",""winner"":""cmplog"",""loser"":""naive"",""winner_resolved"":10,""loser_blocked"":10,""prob_div"":1.0,""dur_div"":9.9,""hit_div"":28.4},{""A"":""value_profile_cmplog"",""B"":""value_profile"",""delta"":""I2S"",""direction"":""A>B"",""winner"":""value_profile_cmplog"",""loser"":""value_profile"",""winner_resolved"":10,""loser_blocked"":10,""prob_div"":1.0,""dur_div"":10.3,""hit_div"":28.6}]","[""cmplog"", ""naive"", ""value_profile"", ""value_profile_cmplog""]",0,10,0,10,0,0,0,10,0,10,0,0,1.0,10.3,28.6
openthread,8494,/src/openthread/src/core/net/ip6_address.cpp,ot::Ip6::InterfaceIdentifier::IsRoutingLocator() const,256,28,F,    return (IsLocator() && (mFields.m8[6] < kAloc16Mask) && ((mFields.m8[6] & kRloc16ReservedBitMask) == 0));,2,"[{""A"":""cmplog"",""B"":""naive"",""delta"":""I2S"",""direction"":""A>B"",""winner"":""cmplog"",""loser"":""naive"",""winner_resolved"":10,""loser_blocked"":9,""prob_div"":0.9,""dur_div"":11.7,""hit_div"":365.1},{""A"":""value_profile_cmplog"",""B"":""value_profile"",""delta"":""I2S"",""direction"":""A>B"",""winner"":""value_profile_cmplog"",""loser"":""value_profile"",""winner_resolved"":10,""loser_blocked"":10,""prob_div"":1.0,""dur_div"":11.8,""hit_div"":234.1}]","[""cmplog"", ""naive"", ""value_profile"", ""value_profile_cmplog""]",1,9,0,10,0,0,0,10,0,10,0,0,1.0,11.8,365.1
openthread,8495,/src/openthread/src/core/net/ip6_address.cpp,ot::Ip6::InterfaceIdentifier::IsRoutingLocator() const,256,61,F,    return (IsLocator() && (mFields.m8[6] < kAloc16Mask) && ((mFields.m8[6] & kRloc16ReservedBitMask) == 0));,2,"[{""A"":""cmplog"",""B"":""naive"",""delta"":""I2S"",""direction"":""A>B"",""winner"":""cmplog"",""loser"":""naive"",""winner_resolved"":9,""loser_blocked"":9,""prob_div"":0.8,""dur_div"":10.1,""hit_div"":75.3},{""A"":""value_profile_cmplog"",""B"":""value_profile"",""delta"":""I2S"",""direction"":""A>B"",""winner"":""value_profile_cmplog"",""loser"":""value_profile"",""winner_resolved"":10,""loser_blocked"":10,""prob_div"":1.0,""dur_div"":11.35,""hit_div"":42.9}]","[""cmplog"", ""naive"", ""value_profile"", ""value_profile_cmplog""]",1,9,0,9,1,0,0,10,0,10,0,0,1.0,11.35,75.3
openthread,8505,/src/openthread/src/core/thread/lowpan.cpp,"ot::Lowpan::Lowpan::CompressDestinationIid(ot::Mac::Address const&, ot::Ip6::Address const&, ot::Lowpan::Context const&, unsigned short&, ot::FrameBuilder&)",143,14,T,    else if (aIpAddr.GetIid().IsLocator()),2,"[{""A"":""cmplog"",""B"":""naive"",""delta"":""I2S"",""direction"":""A>B"",""winner"":""cmplog"",""loser"":""naive"",""winner_resolved"":10,""loser_blocked"":10,""prob_div"":1.0,""dur_div"":11.0,""hit_div"":251.7},{""A"":""value_profile_cmplog"",""B"":""value_profile"",""delta"":""I2S"",""direction"":""A>B"",""winner"":""value_profile_cmplog"",""loser"":""value_profile"",""winner_resolved"":10,""loser_blocked"":10,""prob_div"":1.0,""dur_div"":10.4,""hit_div"":163.7}]","[""cmplog"", ""naive"", ""value_profile"", ""value_profile_cmplog""]",0,10,0,10,0,0,0,10,0,10,0,0,1.0,11.0,251.7
openthread,8526,/src/openthread/src/core/thread/mesh_forwarder.cpp,ot::MeshForwarder::PrepareNextDirectTransmission(),582,9,T,        default:,2,"[{""A"":""cmplog"",""B"":""naive"",""delta"":""I2S"",""direction"":""A>B"",""winner"":""cmplog"",""loser"":""naive"",""winner_resolved"":10,""loser_blocked"":9,""prob_div"":0.9,""dur_div"":11.7,""hit_div"":240.3},{""A"":""value_profile_cmplog"",""B"":""value_profile"",""delta"":""I2S"",""direction"":""A>B"",""winner"":""value_profile_cmplog"",""loser"":""value_profile"",""winner_resolved"":10,""loser_blocked"":10,""prob_div"":1.0,""dur_div"":11.8,""hit_div"":166.2}]","[""cmplog"", ""naive"", ""value_profile"", ""value_profile_cmplog""]",1,9,0,10,0,0,0,10,0,10,0,0,1.0,11.8,240.3
openthread,8530,/src/openthread/src/core/thread/mesh_forwarder_ftd.cpp,ot::MeshForwarder::SendMessage(ot::Message&),82,21,T,                    ip6Header.GetDestination() == mle.GetRealmLocalAllThreadNodesAddress()),2,"[{""A"":""cmplog"",""B"":""naive"",""delta"":""I2S"",""direction"":""A>B"",""winner"":""cmplog"",""loser"":""naive"",""winner_resolved"":10,""loser_blocked"":10,""prob_div"":1.0,""dur_div"":9.8,""hit_div"":4.3},{""A"":""value_profile_cmplog"",""B"":""value_profile"",""delta"":""I2S"",""direction"":""A>B"",""winner"":""value_profile_cmplog"",""loser"":""value_profile"",""winner_resolved"":10,""loser_blocked"":10,""prob_div"":1.0,""dur_div"":9.05,""hit_div"":2.8}]","[""cmplog"", ""naive"", ""value_profile"", ""value_profile_cmplog""]",0,10,0,10,0,0,0,10,0,10,0,0,1.0,9.8,4.3
openthread,8532,/src/openthread/src/core/thread/mesh_forwarder_ftd.cpp,"ot::MeshForwarder::UpdateIp6RouteFtd(ot::Ip6::Header&, ot::Message&)",519,14,T,    else if (mle.IsAnycastLocator(ip6Header.GetDestination())),2,"[{""A"":""cmplog"",""B"":""naive"",""delta"":""I2S"",""direction"":""A>B"",""winner"":""cmplog"",""loser"":""naive"",""winner_resolved"":10,""loser_blocked"":8,""prob_div"":1.0,""dur_div"":6.14,""hit_div"":156.7},{""A"":""value_profile_cmplog"",""B"":""value_profile"",""delta"":""I2S"",""direction"":""A>B"",""winner"":""value_profile_cmplog"",""loser"":""value_profile"",""winner_resolved"":10,""loser_blocked"":8,""prob_div"":1.0,""dur_div"":6.64,""hit_div"":98.9}]","[""cmplog"", ""naive"", ""value_profile"", ""value_profile_cmplog""]",0,8,2,10,0,0,0,8,2,10,0,0,1.0,6.64,156.7
openthread,8534,/src/openthread/src/core/thread/mle.cpp,ot::Mle::Mle::IsRoutingLocator(ot::Ip6::Address const&) const,3835,44,T,    return IsMeshLocalAddress(aAddress) && aAddress.GetIid().IsRoutingLocator();,2,"[{""A"":""cmplog"",""B"":""naive"",""delta"":""I2S"",""direction"":""A>B"",""winner"":""cmplog"",""loser"":""naive"",""winner_resolved"":10,""loser_blocked"":9,""prob_div"":0.9,""dur_div"":11.55,""hit_div"":167.0},{""A"":""value_profile_cmplog"",""B"":""value_profile"",""delta"":""I2S"",""direction"":""A>B"",""winner"":""value_profile_cmplog"",""loser"":""value_profile"",""winner_resolved"":10,""loser_blocked"":10,""prob_div"":1.0,""dur_div"":11.85,""hit_div"":134.4}]","[""cmplog"", ""naive"", ""value_profile"", ""value_profile_cmplog""]",1,9,0,10,0,0,0,10,0,10,0,0,1.0,11.85,167.0
openthread,8536,/src/openthread/src/core/thread/neighbor_table.cpp,"ot::NeighborTable::FindNeighbor(ot::Ip6::Address const&, ot::Neighbor::StateFilter)",147,9,T,    if (Get<Mle::Mle>().IsRoutingLocator(aIp6Address)),2,"[{""A"":""cmplog"",""B"":""naive"",""delta"":""I2S"",""direction"":""A>B"",""winner"":""cmplog"",""loser"":""naive"",""winner_resolved"":10,""loser_blocked"":9,""prob_div"":0.9,""dur_div"":11.55,""hit_div"":83.5},{""A"":""value_profile_cmplog"",""B"":""value_profile"",""delta"":""I2S"",""direction"":""A>B"",""winner"":""value_profile_cmplog"",""loser"":""value_profile"",""winner_resolved"":10,""loser_blocked"":10,""prob_div"":1.0,""dur_div"":11.75,""hit_div"":67.2}]","[""cmplog"", ""naive"", ""value_profile"", ""value_profile_cmplog""]",1,9,0,10,0,0,0,10,0,10,0,0,1.0,11.75,83.5
openthread,8537,/src/openthread/src/core/thread/network_data.cpp,"ot::NetworkData::NetworkData::Iterate(unsigned int&, unsigned short, ot::NetworkData::NetworkData::Config&) const",259,25,T,                    if ((aRloc16 == Mac::kShortAddrBroadcast) || (server->GetServer16() == aRloc16)),2,"[{""A"":""cmplog"",""B"":""naive"",""delta"":""I2S"",""direction"":""A>B"",""winner"":""cmplog"",""loser"":""naive"",""winner_resolved"":10,""loser_blocked"":10,""prob_div"":1.0,""dur_div"":11.65,""hit_div"":13.3},{""A"":""value_profile_cmplog"",""B"":""value_profile"",""delta"":""I2S"",""direction"":""A>B"",""winner"":""value_profile_cmplog"",""loser"":""value_profile"",""winner_resolved"":10,""loser_blocked"":10,""prob_div"":1.0,""dur_div"":11.1,""hit_div"":12.5}]","[""cmplog"", ""naive"", ""value_profile"", ""value_profile_cmplog""]",0,10,0,10,0,0,0,10,0,10,0,0,1.0,11.65,13.3
openthread,8538,/src/openthread/src/core/thread/network_data_leader.cpp,"ot::NetworkData::LeaderBase::GetContext(unsigned char, ot::Lowpan::Context&) const",177,9,F,    if (aContextId == Mle::kMeshLocalPrefixContextId),2,"[{""A"":""cmplog"",""B"":""naive"",""delta"":""I2S"",""direction"":""A>B"",""winner"":""cmplog"",""loser"":""naive"",""winner_resolved"":10,""loser_blocked"":10,""prob_div"":1.0,""dur_div"":11.9,""hit_div"":75.6},{""A"":""value_profile_cmplog"",""B"":""value_profile"",""delta"":""I2S"",""direction"":""A>B"",""winner"":""value_profile_cmplog"",""loser"":""value_profile"",""winner_resolved"":10,""loser_blocked"":10,""prob_div"":1.0,""dur_div"":11.2,""hit_div"":41.6}]","[""cmplog"", ""naive"", ""value_profile"", ""value_profile_cmplog""]",0,10,0,10,0,0,0,10,0,10,0,0,1.0,11.9,75.6
openthread,8507,/src/openthread/src/core/thread/lowpan.cpp,"ot::Lowpan::Lowpan::CompressMulticast(ot::Ip6::Address const&, unsigned short&, ot::FrameBuilder&)",194,21,T,"                    memcmp(multicastContext.mPrefix.GetBytes(), aIpAddr.mFields.m8 + 4, 8) == 0)",2,"[{""A"":""cmplog"",""B"":""naive"",""delta"":""I2S"",""direction"":""A>B"",""winner"":""cmplog"",""loser"":""naive"",""winner_resolved"":10,""loser_blocked"":9,""prob_div"":0.9,""dur_div"":11.15,""hit_div"":162.8},{""A"":""value_profile_cmplog"",""B"":""value_profile"",""delta"":""I2S"",""direction"":""A>B"",""winner"":""value_profile_cmplog"",""loser"":""value_profile"",""winner_resolved"":10,""loser_blocked"":9,""prob_div"":0.9,""dur_div"":11.1,""hit_div"":76.4}]","[""cmplog"", ""naive"", ""value_profile"", ""value_profile_cmplog""]",1,9,0,10,0,0,1,9,0,10,0,0,0.9,11.15,162.8
openthread,8504,/src/openthread/src/core/thread/lowpan.cpp,"ot::Lowpan::Lowpan::CompressSourceIid(ot::Mac::Address const&, ot::Ip6::Address const&, ot::Lowpan::Context const&, unsigned short&, ot::FrameBuilder&)",114,14,T,    else if (aIpAddr.GetIid().IsLocator()),2,"[{""A"":""cmplog"",""B"":""naive"",""delta"":""I2S"",""direction"":""A>B"",""winner"":""cmplog"",""loser"":""naive"",""winner_resolved"":10,""loser_blocked"":8,""prob_div"":0.8,""dur_div"":10.4,""hit_div"":528.8},{""A"":""value_profile_cmplog"",""B"":""value_profile"",""delta"":""I2S"",""direction"":""A>B"",""winner"":""value_profile_cmplog"",""loser"":""value_profile"",""winner_resolved"":10,""loser_blocked"":8,""prob_div"":0.8,""dur_div"":11.3,""hit_div"":262.8}]","[""cmplog"", ""naive"", ""value_profile"", ""value_profile_cmplog""]",2,8,0,10,0,0,2,8,0,10,0,0,0.8,11.3,528.8
openthread,8453,/src/openthread/src/core/common/message.cpp,"ot::Message::GetFirstChunk(unsigned short, unsigned short&, ot::Message::Chunk&) const",523,13,F,        if (aOffset < kBufferDataSize),1,"[{""A"":""value_profile_cmplog"",""B"":""value_profile"",""delta"":""I2S"",""direction"":""A>B"",""winner"":""value_profile_cmplog"",""loser"":""value_profile"",""winner_resolved"":10,""loser_blocked"":10,""prob_div"":1.0,""dur_div"":10.7,""hit_div"":36242.9}]","[""value_profile"", ""value_profile_cmplog""]",5,5,0,10,0,0,0,10,0,10,0,0,1.0,10.7,36242.9
openthread,8531,/src/openthread/src/core/thread/mesh_forwarder_ftd.cpp,"ot::MeshForwarder::UpdateIp6RouteFtd(ot::Ip6::Header&, ot::Message&)",513,14,T,    else if (mle.IsRoutingLocator(ip6Header.GetDestination())),1,"[{""A"":""value_profile_cmplog"",""B"":""value_profile"",""delta"":""I2S"",""direction"":""A>B"",""winner"":""value_profile_cmplog"",""loser"":""value_profile"",""winner_resolved"":10,""loser_blocked"":8,""prob_div"":1.0,""dur_div"":6.59,""hit_div"":67.2}]","[""value_profile"", ""value_profile_cmplog""]",1,7,2,10,0,0,0,8,2,10,0,0,1.0,6.59,67.2
openthread,8493,/src/openthread/src/core/net/ip6_address.cpp,ot::Ip6::InterfaceIdentifier::IsLocator() const,251,57,F,    return (mFields.m32[0] == HostSwap32(0x000000ff) && mFields.m16[2] == HostSwap16(0xfe00));,1,"[{""A"":""value_profile_cmplog"",""B"":""value_profile"",""delta"":""I2S"",""direction"":""A>B"",""winner"":""value_profile_cmplog"",""loser"":""value_profile"",""winner_resolved"":10,""loser_blocked"":9,""prob_div"":0.9,""dur_div"":10.75,""hit_div"":402.9}]","[""value_profile"", ""value_profile_cmplog""]",3,7,0,10,0,0,1,9,0,10,0,0,0.9,10.75,402.9
openthread,8448,/src/openthread/src/core/common/linked_list.hpp,ot::LinkedList<ot::AddressResolver::CacheEntry>::PopAfter(ot::AddressResolver::CacheEntry*),218,13,F,        if (aPrevEntry == nullptr),1,"[{""A"":""cmplog"",""B"":""naive"",""delta"":""I2S"",""direction"":""B>A"",""winner"":""naive"",""loser"":""cmplog"",""winner_resolved"":10,""loser_blocked"":8,""prob_div"":0.8,""dur_div"":9.6,""hit_div"":1303.0}]","[""cmplog"", ""naive""]",10,0,0,2,8,0,10,0,0,5,5,0,0.8,9.6,1303.0
openthread,8450,/src/openthread/src/core/common/linked_list.hpp,"ot::AddressResolver::CacheEntry const* ot::LinkedList<ot::AddressResolver::CacheEntry>::FindMatching<ot::Ip6::Address>(ot::AddressResolver::CacheEntry const*, ot::AddressResolver::CacheEntry const*, ot::Ip6::Address const&, ot::AddressResolver::CacheEntry const*&) const",472,17,F,            if (entry->Matches(aIndicator)),1,"[{""A"":""cmplog"",""B"":""naive"",""delta"":""I2S"",""direction"":""B>A"",""winner"":""naive"",""loser"":""cmplog"",""winner_resolved"":10,""loser_blocked"":8,""prob_div"":0.8,""dur_div"":9.5,""hit_div"":2080.0}]","[""cmplog"", ""naive""]",10,0,0,2,8,0,10,0,0,5,5,0,0.8,9.5,2080.0
openthread,8529,/src/openthread/src/core/thread/mesh_forwarder_ftd.cpp,ot::MeshForwarder::SendMessage(ot::Message&),81,21,T,                if (ip6Header.GetDestination() == mle.GetLinkLocalAllThreadNodesAddress() ||,1,"[{""A"":""cmplog"",""B"":""naive"",""delta"":""I2S"",""direction"":""A>B"",""winner"":""cmplog"",""loser"":""naive"",""winner_resolved"":8,""loser_blocked"":10,""prob_div"":0.8,""dur_div"":8.95,""hit_div"":2.1}]","[""cmplog"", ""naive""]",0,10,0,8,2,0,0,10,0,4,6,0,0.8,8.95,2.1
openthread,8506,/src/openthread/src/core/thread/lowpan.cpp,"ot::Lowpan::Lowpan::CompressMulticast(ot::Ip6::Address const&, unsigned short&, ot::FrameBuilder&)",169,50,F,            if (aIpAddr.mFields.m8[1] == 0x02 && i >= 15),1,"[{""A"":""cmplog"",""B"":""naive"",""delta"":""I2S"",""direction"":""A>B"",""winner"":""cmplog"",""loser"":""naive"",""winner_resolved"":9,""loser_blocked"":8,""prob_div"":0.7,""dur_div"":8.25,""hit_div"":246.2}]","[""cmplog"", ""naive""]",2,8,0,9,1,0,4,6,0,10,0,0,0.7,8.25,246.2
openthread,8518,/src/openthread/src/core/thread/mesh_forwarder.cpp,"ot::MeshForwarder::UpdateEcnOrDrop(ot::Message&, bool)",273,13,T,            case Ip6::kEcnCapable1:,1,"[{""A"":""value_profile_cmplog"",""B"":""value_profile"",""delta"":""I2S"",""direction"":""B>A"",""winner"":""value_profile"",""loser"":""value_profile_cmplog"",""winner_resolved"":9,""loser_blocked"":8,""prob_div"":0.7,""dur_div"":4.95,""hit_div"":2.4}]","[""value_profile"", ""value_profile_cmplog""]",6,3,1,6,4,0,9,1,0,2,8,0,0.7,4.95,2.4
