label,target,branch_id,winner,loser
x,lcms,2087,value_profile_cmplog,naive
x,lcms,2104,value_profile_cmplog,naive
x,lcms,2107,value_profile_cmplog,naive
x,lcms,2184,value_profile_cmplog,naive
x,lcms,2196,value_profile_cmplog,naive
x,lcms,2209,value_profile_cmplog,naive
x,libxml2,6414,cmplog,naive
x,libxml2,7326,value_profile_cmplog,naive
x,libxml2,8161,value_profile_cmplog,naive
x,libxml2,6343,cmplog,naive
x,libxml2,6837,cmplog,naive
x,lcms,2143,cmplog,naive
x,libxml2,6436,value_profile_cmplog,naive
x,libxml2,6466,cmplog,naive
x,libxml2,6687,value_profile_cmplog,naive
x,libxml2,6924,cmplog,naive
x,libxml2,6925,cmplog,naive
x,libxml2,6926,cmplog,naive
x,libxml2,6948,cmplog,naive
x,libxml2,7143,cmplog,naive
x,libxml2,7317,cmplog,naive
x,libpng,3974,cmplog,naive
x,libxml2,6792,value_profile_cmplog,naive
x,libxml2,6800,value_profile_cmplog,naive
x,libxml2,7069,value_profile_cmplog,naive
x,libxml2,7138,cmplog,naive
x,lcms,2446,cmplog,naive
x,libxml2,6756,cmplog,naive
x,libpng,3977,cmplog,naive
x,libpng,3999,value_profile_cmplog,naive
x,libxml2,6268,value_profile_cmplog,naive
x,libxml2,6621,value_profile_cmplog,naive
x,libxml2,6649,value_profile_cmplog,naive
x,libxml2,6654,value_profile_cmplog,naive
x,libxml2,6663,value_profile_cmplog,naive
x,libxml2,6673,value_profile_cmplog,naive
x,libxml2,6696,value_profile_cmplog,naive
x,libxml2,6726,value_profile_cmplog,naive
x,libxml2,7451,value_profile_cmplog,naive
x,libxml2,7459,value_profile_cmplog,naive
x,libpng,4145,value_profile_cmplog,naive
x,libxml2,6719,value_profile_cmplog,naive
x,libxml2,8100,value_profile_cmplog,naive
x,libxml2,9841,value_profile_cmplog,naive
x,libpng,4002,cmplog,naive
x,bloaty,13,cmplog,naive
x,bloaty,141,cmplog,naive
x,lcms,2085,cmplog,naive
x,lcms,2088,cmplog,naive
x,lcms,2093,cmplog,naive
x,lcms,2110,cmplog,naive
x,lcms,2111,cmplog,naive
x,lcms,2112,cmplog,naive
x,lcms,2113,cmplog,naive
x,lcms,2114,cmplog,naive
x,lcms,2136,cmplog,naive
x,lcms,2170,cmplog,naive
x,lcms,2175,cmplog,naive
x,lcms,2203,cmplog,naive
x,lcms,2220,cmplog,naive
x,lcms,2226,cmplog,naive
x,lcms,2228,cmplog,naive
x,lcms,2231,cmplog,naive
x,lcms,2234,cmplog,naive
x,lcms,2243,cmplog,naive
x,lcms,2246,cmplog,naive
x,lcms,2287,cmplog,naive
x,lcms,2300,cmplog,naive
x,lcms,2330,cmplog,naive
x,lcms,2415,cmplog,naive
x,lcms,2416,cmplog,naive
x,lcms,2426,cmplog,naive
x,lcms,2427,cmplog,naive
x,libpng,3877,cmplog,naive
x,libpng,3896,cmplog,naive
x,libpng,3980,cmplog,naive
x,libpng,4006,cmplog,naive
x,libpng,4031,cmplog,naive
x,libpng,4039,cmplog,naive
x,libxml2,6381,cmplog,naive
x,bloaty,301,cmplog,naive
x,libpng,3949,value_profile_cmplog,naive
x,libpng,3970,value_profile_cmplog,naive
x,libpng,4020,value_profile_cmplog,naive
x,libxml2,6910,value_profile_cmplog,naive
x,bloaty,34,cmplog,naive
x,lcms,2259,cmplog,naive
x,lcms,2282,cmplog,naive
x,lcms,2297,cmplog,naive
x,lcms,2323,cmplog,naive
x,lcms,2342,cmplog,naive
x,libpng,3901,cmplog,naive
x,libpng,3966,cmplog,naive
x,libpng,3996,cmplog,naive
x,libxml2,6690,cmplog,naive
x,libxml2,6967,cmplog,naive
x,bloaty,57,cmplog,naive
x,libpng,3811,cmplog,naive
x,libpng,3818,cmplog,naive
x,libpng,3864,cmplog,naive
x,libpng,3890,cmplog,naive
x,libpng,3951,cmplog,naive
x,libpng,4085,cmplog,naive
x,libxml2,6785,cmplog,naive
x,bloaty,10,cmplog,naive
x,bloaty,133,cmplog,naive
x,bloaty,145,cmplog,naive
x,bloaty,59,cmplog,naive
x,bloaty,63,cmplog,naive
x,bloaty,77,cmplog,naive
x,bloaty,81,cmplog,naive
x,bloaty,87,cmplog,naive
x,bloaty,90,cmplog,naive
x,lcms,2097,cmplog,naive
x,lcms,2252,cmplog,naive
x,lcms,2295,cmplog,naive
x,libpng,3810,cmplog,naive
x,libpng,3817,cmplog,naive
x,libpng,3820,cmplog,naive
x,libpng,3883,cmplog,naive
x,libpng,3887,cmplog,naive
x,libpng,3891,cmplog,naive
x,libpng,3892,cmplog,naive
x,libpng,3897,cmplog,naive
x,libpng,3900,cmplog,naive
x,libpng,3902,cmplog,naive
x,libpng,3909,cmplog,naive
x,libpng,3912,cmplog,naive
x,libpng,3913,cmplog,naive
x,libpng,3915,cmplog,naive
x,libpng,3933,cmplog,naive
x,libpng,3965,cmplog,naive
x,libpng,4051,cmplog,naive
x,libpng,4055,cmplog,naive
x,libpng,4061,cmplog,naive
x,libpng,4078,cmplog,naive
x,libpng,4082,cmplog,naive
x,libxml2,6205,cmplog,naive
x,libxml2,6359,cmplog,naive
x,libxml2,6597,cmplog,naive
x,libxml2,6909,cmplog,naive
x,libxml2,6930,cmplog,naive
x,libxml2,6946,cmplog,naive
x,libxml2,6976,cmplog,naive
x,libxml2,7038,cmplog,naive
x,libxml2,7250,cmplog,naive
x,libxml2,7287,cmplog,naive
x,libxml2,6383,cmplog,naive
x,libxml2,6674,cmplog,naive
x,libxml2,6818,cmplog,naive
x,bloaty,143,value_profile_cmplog,naive
x,bloaty,7,value_profile_cmplog,naive
x,lcms,2092,value_profile_cmplog,naive
x,lcms,2094,value_profile_cmplog,naive
x,lcms,2103,value_profile_cmplog,naive
x,lcms,2117,value_profile_cmplog,naive
x,lcms,2118,value_profile_cmplog,naive
x,lcms,2129,value_profile_cmplog,naive
x,lcms,2130,value_profile_cmplog,naive
x,lcms,2135,value_profile_cmplog,naive
x,lcms,2179,value_profile_cmplog,naive
x,lcms,2183,value_profile_cmplog,naive
x,lcms,2190,value_profile_cmplog,naive
x,lcms,2194,value_profile_cmplog,naive
x,lcms,2195,value_profile_cmplog,naive
x,lcms,2197,value_profile_cmplog,naive
x,lcms,2199,value_profile_cmplog,naive
x,lcms,2202,value_profile_cmplog,naive
x,lcms,2204,value_profile_cmplog,naive
x,lcms,2205,value_profile_cmplog,naive
x,lcms,2207,value_profile_cmplog,naive
x,lcms,2208,value_profile_cmplog,naive
x,lcms,2215,value_profile_cmplog,naive
x,lcms,2216,value_profile_cmplog,naive
x,lcms,2217,value_profile_cmplog,naive
x,lcms,2227,value_profile_cmplog,naive
x,lcms,2230,value_profile_cmplog,naive
x,lcms,2232,value_profile_cmplog,naive
x,lcms,2233,value_profile_cmplog,naive
x,lcms,2242,value_profile_cmplog,naive
x,lcms,2248,value_profile_cmplog,naive
x,lcms,2291,value_profile_cmplog,naive
x,lcms,2299,value_profile_cmplog,naive
x,lcms,2336,value_profile_cmplog,naive
x,lcms,2337,value_profile_cmplog,naive
x,lcms,2340,value_profile_cmplog,naive
x,lcms,2418,value_profile_cmplog,naive
x,libpng,3816,value_profile_cmplog,naive
x,libxml2,6233,value_profile_cmplog,naive
x,libxml2,6643,value_profile_cmplog,naive
x,libxml2,6740,value_profile_cmplog,naive
x,libxml2,6809,value_profile_cmplog,naive
x,libxml2,6929,value_profile_cmplog,naive
x,libxml2,6936,value_profile_cmplog,naive
x,libxml2,7249,value_profile_cmplog,naive
x,libxml2,6193,value_profile_cmplog,naive
x,libpng,4072,cmplog,naive
x,libxml2,6210,cmplog,naive
x,lcms,2254,cmplog,naive
x,libxml2,6429,cmplog,naive
x,libxml2,6461,cmplog,naive
x,libxml2,6467,cmplog,naive
x,libxml2,6616,cmplog,naive
x,bloaty,11,cmplog,naive
x,bloaty,147,cmplog,naive
x,bloaty,150,cmplog,naive
x,lcms,2147,cmplog,naive
x,libxml2,6325,cmplog,naive
x,libxml2,6655,cmplog,naive
