label,target,branch_id
anti,harfbuzz,5311
anti,harfbuzz,5391
anti,harfbuzz,5723
anti,harfbuzz,5802
anti,harfbuzz,5810
anti,harfbuzz,5812
anti,harfbuzz,5815
anti,harfbuzz,5831
anti,harfbuzz,5844
anti,harfbuzz,5866
anti,harfbuzz,5881
anti,harfbuzz,5885
anti,harfbuzz,5913
anti,harfbuzz,5920
anti,harfbuzz,5931
anti,harfbuzz,5934
anti,harfbuzz,5938
anti,harfbuzz,5941
anti,harfbuzz,5947
anti,harfbuzz,5949
anti,harfbuzz,5954
anti,harfbuzz,5967
anti,harfbuzz,5969
anti,harfbuzz,5972
anti,harfbuzz,5977
anti,harfbuzz,5983
anti,harfbuzz,5985
anti,harfbuzz,5991
anti,harfbuzz,5992
anti,harfbuzz,5998
anti,harfbuzz,6037
anti,harfbuzz,6086
anti,openthread,13349
anti,openthread,13391
anti,sqlite3,14233
anti,sqlite3,14437
anti,sqlite3,14438
anti,sqlite3,14786
anti,sqlite3,15515
pro,curl,19
pro,curl,21
pro,curl,22
pro,curl,23
pro,curl,37
pro,curl,42
pro,curl,58
pro,curl,62
pro,curl,73
pro,curl,78
pro,curl,118
pro,curl,129
pro,curl,139
pro,curl,165
pro,curl,166
pro,curl,210
pro,curl,212
pro,curl,266
pro,curl,272
pro,curl,277
pro,curl,279
pro,curl,289
pro,curl,291
pro,curl,297
pro,curl,298
pro,curl,301
pro,curl,303
pro,curl,308
pro,curl,322
pro,curl,399
pro,curl,405
pro,curl,415
pro,curl,416
pro,curl,422
pro,curl,426
pro,curl,430
pro,curl,441
pro,curl,442
pro,curl,459
pro,curl,468
pro,curl,470
pro,curl,505
pro,curl,567
pro,harfbuzz,5203
pro,harfbuzz,5208
pro,harfbuzz,5222
pro,harfbuzz,5225
pro,harfbuzz,5228
pro,harfbuzz,5232
pro,harfbuzz,5292
pro,harfbuzz,5334
pro,harfbuzz,5389
pro,harfbuzz,5392
pro,harfbuzz,5437
pro,harfbuzz,5438
pro,harfbuzz,5478
pro,harfbuzz,5481
pro,harfbuzz,5484
pro,harfbuzz,5492
pro,harfbuzz,5497
pro,harfbuzz,5503
pro,harfbuzz,5517
pro,harfbuzz,5544
pro,harfbuzz,5545
pro,harfbuzz,5547
pro,harfbuzz,5550
pro,harfbuzz,5555
pro,harfbuzz,5556
pro,harfbuzz,5558
pro,harfbuzz,5559
pro,harfbuzz,5560
pro,harfbuzz,5562
pro,harfbuzz,5565
pro,harfbuzz,5567
pro,harfbuzz,5589
pro,harfbuzz,5694
pro,harfbuzz,5697
pro,harfbuzz,5716
pro,harfbuzz,5727
pro,harfbuzz,6236
pro,openthread,13311
pro,openthread,13313
pro,openthread,13320
pro,openthread,13321
pro,openthread,13326
pro,openthread,13333
pro,openthread,13335
pro,openthread,13337
pro,openthread,13380
pro,openthread,13389
pro,openthread,13390
pro,sqlite3,14451
pro,sqlite3,14563
pro,sqlite3,14791
