target,fuzzer,time_h,mean_branch,min_branch,max_branch,n_trials
bloaty,aflplusplus,0.0,0.0,0,0,10
bloaty,aflplusplus,0.5,0.0,0,0,10
bloaty,aflplusplus,1.0,1149.8,888,1632,10
bloaty,aflplusplus,1.5,1149.8,888,1632,10
bloaty,aflplusplus,2.0,1237.6,939,1806,10
bloaty,aflplusplus,2.5,1237.6,939,1806,10
bloaty,aflplusplus,3.0,1468.5,1005,1882,10
bloaty,aflplusplus,3.5,1468.5,1005,1882,10
bloaty,aflplusplus,4.0,1587.3,1017,1968,10
bloaty,aflplusplus,4.5,1587.3,1017,1968,10
bloaty,aflplusplus,5.0,1717.5,1042,1993,10
bloaty,aflplusplus,5.5,1717.5,1042,1993,10
bloaty,aflplusplus,6.0,1755.0,1131,2005,10
bloaty,aflplusplus,6.5,1755.0,1131,2005,10
bloaty,aflplusplus,7.0,1777.9,1170,2033,10
bloaty,aflplusplus,7.5,1777.9,1170,2033,10
bloaty,aflplusplus,8.0,1792.3,1170,2055,10
bloaty,aflplusplus,8.5,1792.3,1170,2055,10
bloaty,aflplusplus,9.0,1801.6,1172,2068,10
bloaty,aflplusplus,9.5,1801.6,1172,2068,10
bloaty,aflplusplus,10.0,1844.3,1217,2083,10
bloaty,aflplusplus,10.5,1844.3,1217,2083,10
bloaty,aflplusplus,11.0,1883.1,1253,2210,10
bloaty,aflplusplus,11.5,1883.1,1253,2210,10
bloaty,aflplusplus,12.0,1923.9,1468,2216,10
bloaty,aflplusplus,12.5,1923.9,1468,2216,10
bloaty,aflplusplus,13.0,1952.6,1637,2221,10
bloaty,aflplusplus,13.5,1952.6,1637,2221,10
bloaty,aflplusplus,14.0,1962.8,1676,2228,10
bloaty,aflplusplus,14.5,1962.8,1676,2228,10
bloaty,aflplusplus,15.0,1978.9,1707,2232,10
bloaty,aflplusplus,15.5,1978.9,1707,2232,10
bloaty,aflplusplus,16.0,1994.1,1728,2241,10
bloaty,aflplusplus,16.5,1994.1,1728,2241,10
bloaty,aflplusplus,17.0,2001.0,1735,2245,10
bloaty,aflplusplus,17.5,2001.0,1735,2245,10
bloaty,aflplusplus,18.0,2013.1,1808,2249,10
bloaty,aflplusplus,18.5,2013.1,1808,2249,10
bloaty,aflplusplus,19.0,2016.6,1815,2253,10
bloaty,aflplusplus,19.5,2016.6,1815,2253,10
bloaty,aflplusplus,20.0,2020.7,1820,2255,10
bloaty,aflplusplus,20.5,2020.7,1820,2255,10
bloaty,aflplusplus,21.0,2025.0,1820,2257,10
bloaty,aflplusplus,21.5,2025.0,1820,2257,10
bloaty,aflplusplus,22.0,2030.5,1829,2257,10
bloaty,aflplusplus,22.5,2030.5,1829,2257,10
bloaty,aflplusplus,23.0,2033.4,1835,2268,10
bloaty,aflplusplus,23.5,2033.4,1835,2268,10
bloaty,aflplusplus,24.0,2039.4,1844,2300,10
bloaty,honggfuzz,0.0,0.0,0,0,10
bloaty,honggfuzz,0.5,0.0,0,0,10
bloaty,honggfuzz,1.0,1201.8,970,1469,10
bloaty,honggfuzz,1.5,1201.8,970,1469,10
bloaty,honggfuzz,2.0,1443.6,1214,1792,10
bloaty,honggfuzz,2.5,1443.6,1214,1792,10
bloaty,honggfuzz,3.0,1699.2,1281,1901,10
bloaty,honggfuzz,3.5,1699.2,1281,1901,10
bloaty,honggfuzz,4.0,1791.3,1301,1923,10
bloaty,honggfuzz,4.5,1791.3,1301,1923,10
bloaty,honggfuzz,5.0,1812.3,1306,1940,10
bloaty,honggfuzz,5.5,1812.3,1306,1940,10
bloaty,honggfuzz,6.0,1844.2,1319,1972,10
bloaty,honggfuzz,6.5,1844.2,1319,1972,10
bloaty,honggfuzz,7.0,1868.4,1336,1999,10
bloaty,honggfuzz,7.5,1868.4,1336,1999,10
bloaty,honggfuzz,8.0,1890.6,1342,2013,10
bloaty,honggfuzz,8.5,1890.6,1342,2013,10
bloaty,honggfuzz,9.0,1908.7,1348,2033,10
bloaty,honggfuzz,9.5,1908.7,1348,2033,10
bloaty,honggfuzz,10.0,1924.1,1358,2075,10
bloaty,honggfuzz,10.5,1924.1,1358,2075,10
bloaty,honggfuzz,11.0,1935.5,1364,2115,10
bloaty,honggfuzz,11.5,1935.5,1364,2115,10
bloaty,honggfuzz,12.0,1945.0,1364,2131,10
bloaty,honggfuzz,12.5,1945.0,1364,2131,10
bloaty,honggfuzz,13.0,1953.1,1367,2144,10
bloaty,honggfuzz,13.5,1953.1,1367,2144,10
bloaty,honggfuzz,14.0,1965.1,1368,2145,10
bloaty,honggfuzz,14.5,1965.1,1368,2145,10
bloaty,honggfuzz,15.0,1970.0,1373,2155,10
bloaty,honggfuzz,15.5,1970.0,1373,2155,10
bloaty,honggfuzz,16.0,1974.0,1374,2165,10
bloaty,honggfuzz,16.5,1974.0,1374,2165,10
bloaty,honggfuzz,17.0,1979.2,1376,2169,10
bloaty,honggfuzz,17.5,1979.2,1376,2169,10
bloaty,honggfuzz,18.0,1982.8,1378,2170,10
bloaty,honggfuzz,18.5,1982.8,1378,2170,10
bloaty,honggfuzz,19.0,1986.6,1379,2173,10
bloaty,honggfuzz,19.5,1986.6,1379,2173,10
bloaty,honggfuzz,20.0,1988.7,1384,2173,10
bloaty,honggfuzz,20.5,1988.7,1384,2173,10
bloaty,honggfuzz,21.0,1991.0,1384,2177,10
bloaty,honggfuzz,21.5,1991.0,1384,2177,10
bloaty,honggfuzz,22.0,1992.6,1384,2177,10
bloaty,honggfuzz,22.5,1992.6,1384,2177,10
bloaty,honggfuzz,23.0,2000.9,1384,2178,10
bloaty,honggfuzz,23.5,2000.9,1384,2178,10
bloaty,honggfuzz,24.0,2001.9,1385,2178,10
bloaty,libfuzzer,0.0,0.0,0,0,10
bloaty,libfuzzer,0.5,0.0,0,0,10
bloaty,libfuzzer,1.0,1067.7,966,1197,10
bloaty,libfuzzer,1.5,1067.7,966,1197,10
bloaty,libfuzzer,2.0,1155.5,1070,1361,10
bloaty,libfuzzer,2.5,1155.5,1070,1361,10
bloaty,libfuzzer,3.0,1228.2,1109,1491,10
bloaty,libfuzzer,3.5,1228.2,1109,1491,10
bloaty,libfuzzer,4.0,1295.0,1131,1580,10
bloaty,libfuzzer,4.5,1295.0,1131,1580,10
bloaty,libfuzzer,5.0,1340.7,1162,1739,10
bloaty,libfuzzer,5.5,1340.7,1162,1739,10
bloaty,libfuzzer,6.0,1407.3,1165,1842,10
bloaty,libfuzzer,6.5,1407.3,1165,1842,10
bloaty,libfuzzer,7.0,1478.8,1187,1884,10
bloaty,libfuzzer,7.5,1478.8,1187,1884,10
bloaty,libfuzzer,8.0,1513.2,1189,1925,10
bloaty,libfuzzer,8.5,1513.2,1189,1925,10
bloaty,libfuzzer,9.0,1577.0,1189,1944,10
bloaty,libfuzzer,9.5,1577.0,1189,1944,10
bloaty,libfuzzer,10.0,1617.0,1195,2034,10
bloaty,libfuzzer,10.5,1617.0,1195,2034,10
bloaty,libfuzzer,11.0,1678.2,1202,2085,10
bloaty,libfuzzer,11.5,1678.2,1202,2085,10
bloaty,libfuzzer,12.0,1719.4,1234,2104,10
bloaty,libfuzzer,12.5,1719.4,1234,2104,10
bloaty,libfuzzer,13.0,1751.9,1295,2121,10
bloaty,libfuzzer,13.5,1751.9,1295,2121,10
bloaty,libfuzzer,14.0,1798.9,1314,2151,10
bloaty,libfuzzer,14.5,1798.9,1314,2151,10
bloaty,libfuzzer,15.0,1834.7,1316,2174,10
bloaty,libfuzzer,15.5,1834.7,1316,2174,10
bloaty,libfuzzer,16.0,1874.7,1316,2189,10
bloaty,libfuzzer,16.5,1874.7,1316,2189,10
bloaty,libfuzzer,17.0,1905.9,1317,2199,10
bloaty,libfuzzer,17.5,1905.9,1317,2199,10
bloaty,libfuzzer,18.0,1928.7,1317,2221,10
bloaty,libfuzzer,18.5,1928.7,1317,2221,10
bloaty,libfuzzer,19.0,1944.5,1319,2227,10
bloaty,libfuzzer,19.5,1944.5,1319,2227,10
bloaty,libfuzzer,20.0,1966.3,1319,2233,10
bloaty,libfuzzer,20.5,1966.3,1319,2233,10
bloaty,libfuzzer,21.0,1983.3,1325,2240,10
bloaty,libfuzzer,21.5,1983.3,1325,2240,10
bloaty,libfuzzer,22.0,1993.8,1327,2248,10
bloaty,libfuzzer,22.5,1993.8,1327,2248,10
bloaty,libfuzzer,23.0,2007.0,1330,2252,10
bloaty,libfuzzer,23.5,2007.0,1330,2252,10
bloaty,libfuzzer,24.0,2022.0,1335,2264,10
bloaty,libafl,0.0,0.0,0,0,10
bloaty,libafl,0.5,0.0,0,0,10
bloaty,libafl,1.0,846.6,759,1048,10
bloaty,libafl,1.5,846.6,759,1048,10
bloaty,libafl,2.0,966.4,801,1173,10
bloaty,libafl,2.5,966.4,801,1173,10
bloaty,libafl,3.0,1108.7,839,1374,10
bloaty,libafl,3.5,1108.7,839,1374,10
bloaty,libafl,4.0,1417.0,1189,1738,10
bloaty,libafl,4.5,1417.0,1189,1738,10
bloaty,libafl,5.0,1534.9,1196,1830,10
bloaty,libafl,5.5,1534.9,1196,1830,10
bloaty,libafl,6.0,1555.1,1219,1841,10
bloaty,libafl,6.5,1555.1,1219,1841,10
bloaty,libafl,7.0,1588.9,1221,1869,10
bloaty,libafl,7.5,1588.9,1221,1869,10
bloaty,libafl,8.0,1643.0,1221,1903,10
bloaty,libafl,8.5,1643.0,1221,1903,10
bloaty,libafl,9.0,1668.7,1240,1911,10
bloaty,libafl,9.5,1668.7,1240,1911,10
bloaty,libafl,10.0,1733.6,1290,1911,10
bloaty,libafl,10.5,1733.6,1290,1911,10
bloaty,libafl,11.0,1826.7,1760,1948,10
bloaty,libafl,11.5,1826.7,1760,1948,10
bloaty,libafl,12.0,1849.4,1760,1953,10
bloaty,libafl,12.5,1849.4,1760,1953,10
bloaty,libafl,13.0,1869.1,1760,1985,10
bloaty,libafl,13.5,1869.1,1760,1985,10
bloaty,libafl,14.0,1890.5,1760,1989,10
bloaty,libafl,14.5,1890.5,1760,1989,10
bloaty,libafl,15.0,1893.8,1763,1989,10
bloaty,libafl,15.5,1893.8,1763,1989,10
bloaty,libafl,16.0,1908.1,1774,2025,10
bloaty,libafl,16.5,1908.1,1774,2025,10
bloaty,libafl,17.0,1924.7,1774,2025,10
bloaty,libafl,17.5,1924.7,1774,2025,10
bloaty,libafl,18.0,1947.2,1776,2041,10
bloaty,libafl,18.5,1947.2,1776,2041,10
bloaty,libafl,19.0,1968.0,1911,2041,10
bloaty,libafl,19.5,1968.0,1911,2041,10
bloaty,libafl,20.0,1976.7,1913,2060,10
bloaty,libafl,20.5,1976.7,1913,2060,10
bloaty,libafl,21.0,1982.7,1913,2071,10
bloaty,libafl,21.5,1982.7,1913,2071,10
bloaty,libafl,22.0,1994.9,1930,2071,10
bloaty,libafl,22.5,1994.9,1930,2071,10
bloaty,libafl,23.0,2001.7,1937,2071,10
bloaty,libafl,23.5,2001.7,1937,2071,10
bloaty,libafl,24.0,2007.9,1937,2072,10
curl,aflplusplus,0.0,0.0,0,0,10
curl,aflplusplus,0.5,0.0,0,0,10
curl,aflplusplus,1.0,5628.2,5317,5926,10
curl,aflplusplus,1.5,5628.2,5317,5926,10
curl,aflplusplus,2.0,6181.8,5594,7456,10
curl,aflplusplus,2.5,6181.8,5594,7456,10
curl,aflplusplus,3.0,6566.3,5926,7855,10
curl,aflplusplus,3.5,6566.3,5926,7855,10
curl,aflplusplus,4.0,6746.4,5992,8001,10
curl,aflplusplus,4.5,6746.4,5992,8001,10
curl,aflplusplus,5.0,7195.1,6054,8312,10
curl,aflplusplus,5.5,7195.1,6054,8312,10
curl,aflplusplus,6.0,7288.2,6131,8427,10
curl,aflplusplus,6.5,7288.2,6131,8427,10
curl,aflplusplus,7.0,7558.8,6164,8564,10
curl,aflplusplus,7.5,7558.8,6164,8564,10
curl,aflplusplus,8.0,7709.3,6756,8579,10
curl,aflplusplus,8.5,7709.3,6756,8579,10
curl,aflplusplus,9.0,7839.4,6794,8653,10
curl,aflplusplus,9.5,7839.4,6794,8653,10
curl,aflplusplus,10.0,7985.0,6809,8829,10
curl,aflplusplus,10.5,7985.0,6809,8829,10
curl,aflplusplus,11.0,8025.6,6831,8897,10
curl,aflplusplus,11.5,8025.6,6831,8897,10
curl,aflplusplus,12.0,8161.8,6836,9306,10
curl,aflplusplus,12.5,8161.8,6836,9306,10
curl,aflplusplus,13.0,8197.3,6859,9317,10
curl,aflplusplus,13.5,8197.3,6859,9317,10
curl,aflplusplus,14.0,8232.4,6863,9351,10
curl,aflplusplus,14.5,8232.4,6863,9351,10
curl,aflplusplus,15.0,8267.7,6887,9354,10
curl,aflplusplus,15.5,8267.7,6887,9354,10
curl,aflplusplus,16.0,8305.8,6896,9357,10
curl,aflplusplus,16.5,8305.8,6896,9357,10
curl,aflplusplus,17.0,8322.8,6904,9366,10
curl,aflplusplus,17.5,8322.8,6904,9366,10
curl,aflplusplus,18.0,8334.6,6930,9399,10
curl,aflplusplus,18.5,8334.6,6930,9399,10
curl,aflplusplus,19.0,8361.1,6939,9399,10
curl,aflplusplus,19.5,8361.1,6939,9399,10
curl,aflplusplus,20.0,8372.2,6975,9403,10
curl,aflplusplus,20.5,8372.2,6975,9403,10
curl,aflplusplus,21.0,8384.9,6981,9416,10
curl,aflplusplus,21.5,8384.9,6981,9416,10
curl,aflplusplus,22.0,8397.6,6983,9443,10
curl,aflplusplus,22.5,8397.6,6983,9443,10
curl,aflplusplus,23.0,8417.0,6989,9464,10
curl,aflplusplus,23.5,8417.0,6989,9464,10
curl,aflplusplus,24.0,8429.7,6992,9508,10
curl,honggfuzz,0.0,0.0,0,0,10
curl,honggfuzz,0.5,0.0,0,0,10
curl,honggfuzz,1.0,5394.8,4186,6659,10
curl,honggfuzz,1.5,5394.8,4186,6659,10
curl,honggfuzz,2.0,6667.6,5483,8057,10
curl,honggfuzz,2.5,6667.6,5483,8057,10
curl,honggfuzz,3.0,6999.8,6110,8466,10
curl,honggfuzz,3.5,6999.8,6110,8466,10
curl,honggfuzz,4.0,7543.0,6151,8499,10
curl,honggfuzz,4.5,7543.0,6151,8499,10
curl,honggfuzz,5.0,7808.3,6167,8901,10
curl,honggfuzz,5.5,7808.3,6167,8901,10
curl,honggfuzz,6.0,8037.7,6392,9143,10
curl,honggfuzz,6.5,8037.7,6392,9143,10
curl,honggfuzz,7.0,8110.8,6481,9228,10
curl,honggfuzz,7.5,8110.8,6481,9228,10
curl,honggfuzz,8.0,8322.1,6490,9246,10
curl,honggfuzz,8.5,8322.1,6490,9246,10
curl,honggfuzz,9.0,8616.1,6538,9291,10
curl,honggfuzz,9.5,8616.1,6538,9291,10
curl,honggfuzz,10.0,8681.0,6544,9344,10
curl,honggfuzz,10.5,8681.0,6544,9344,10
curl,honggfuzz,11.0,8745.0,6831,9353,10
curl,honggfuzz,11.5,8745.0,6831,9353,10
curl,honggfuzz,12.0,8785.1,6837,9385,10
curl,honggfuzz,12.5,8785.1,6837,9385,10
curl,honggfuzz,13.0,8835.8,6887,9409,10
curl,honggfuzz,13.5,8835.8,6887,9409,10
curl,honggfuzz,14.0,8889.2,7181,9511,10
curl,honggfuzz,14.5,8889.2,7181,9511,10
curl,honggfuzz,15.0,8939.1,7202,9641,10
curl,honggfuzz,15.5,8939.1,7202,9641,10
curl,honggfuzz,16.0,8992.4,7208,9660,10
curl,honggfuzz,16.5,8992.4,7208,9660,10
curl,honggfuzz,17.0,9024.2,7209,9848,10
curl,honggfuzz,17.5,9024.2,7209,9848,10
curl,honggfuzz,18.0,9067.4,7211,9873,10
curl,honggfuzz,18.5,9067.4,7211,9873,10
curl,honggfuzz,19.0,9120.0,7615,9883,10
curl,honggfuzz,19.5,9120.0,7615,9883,10
curl,honggfuzz,20.0,9130.3,7617,9895,10
curl,honggfuzz,20.5,9130.3,7617,9895,10
curl,honggfuzz,21.0,9154.4,7621,9912,10
curl,honggfuzz,21.5,9154.4,7621,9912,10
curl,honggfuzz,22.0,9184.5,7621,9926,10
curl,honggfuzz,22.5,9184.5,7621,9926,10
curl,honggfuzz,23.0,9197.3,7621,9936,10
curl,honggfuzz,23.5,9197.3,7621,9936,10
curl,honggfuzz,24.0,9205.6,7621,9972,10
curl,libfuzzer,0.0,0.0,0,0,10
curl,libfuzzer,0.5,0.0,0,0,10
curl,libfuzzer,1.0,6077.7,5488,6801,10
curl,libfuzzer,1.5,6077.7,5488,6801,10
curl,libfuzzer,2.0,6595.0,5623,7191,10
curl,libfuzzer,2.5,6595.0,5623,7191,10
curl,libfuzzer,3.0,6782.6,5710,7392,10
curl,libfuzzer,3.5,6782.6,5710,7392,10
curl,libfuzzer,4.0,7033.3,5740,8147,10
curl,libfuzzer,4.5,7033.3,5740,8147,10
curl,libfuzzer,5.0,7316.5,5995,8298,10
curl,libfuzzer,5.5,7316.5,5995,8298,10
curl,libfuzzer,6.0,7649.1,6964,8362,10
curl,libfuzzer,6.5,7649.1,6964,8362,10
curl,libfuzzer,7.0,7862.6,7295,8526,10
curl,libfuzzer,7.5,7862.6,7295,8526,10
curl,libfuzzer,8.0,7967.0,7333,8801,10
curl,libfuzzer,8.5,7967.0,7333,8801,10
curl,libfuzzer,9.0,8123.3,7348,8921,10
curl,libfuzzer,9.5,8123.3,7348,8921,10
curl,libfuzzer,10.0,8232.4,7394,8960,10
curl,libfuzzer,10.5,8232.4,7394,8960,10
curl,libfuzzer,11.0,8390.2,7427,9133,10
curl,libfuzzer,11.5,8390.2,7427,9133,10
curl,libfuzzer,12.0,8469.8,7474,9188,10
curl,libfuzzer,12.5,8469.8,7474,9188,10
curl,libfuzzer,13.0,8509.9,7477,9268,10
curl,libfuzzer,13.5,8509.9,7477,9268,10
curl,libfuzzer,14.0,8539.5,7506,9398,10
curl,libfuzzer,14.5,8539.5,7506,9398,10
curl,libfuzzer,15.0,8581.3,7556,9439,10
curl,libfuzzer,15.5,8581.3,7556,9439,10
curl,libfuzzer,16.0,8614.1,7585,9457,10
curl,libfuzzer,16.5,8614.1,7585,9457,10
curl,libfuzzer,17.0,8655.8,7620,9475,10
curl,libfuzzer,17.5,8655.8,7620,9475,10
curl,libfuzzer,18.0,8720.0,7774,9491,10
curl,libfuzzer,18.5,8720.0,7774,9491,10
curl,libfuzzer,19.0,8768.2,7940,9501,10
curl,libfuzzer,19.5,8768.2,7940,9501,10
curl,libfuzzer,20.0,8778.3,7956,9503,10
curl,libfuzzer,20.5,8778.3,7956,9503,10
curl,libfuzzer,21.0,8819.2,7986,9507,10
curl,libfuzzer,21.5,8819.2,7986,9507,10
curl,libfuzzer,22.0,8849.1,7995,9520,10
curl,libfuzzer,22.5,8849.1,7995,9520,10
curl,libfuzzer,23.0,8876.1,8046,9534,10
curl,libfuzzer,23.5,8876.1,8046,9534,10
curl,libfuzzer,24.0,8906.6,8104,9549,10
curl,libafl,0.0,0.0,0,0,10
curl,libafl,0.5,0.0,0,0,10
curl,libafl,1.0,4167.6,3582,5094,10
curl,libafl,1.5,4167.6,3582,5094,10
curl,libafl,2.0,4766.5,3993,5409,10
curl,libafl,2.5,4766.5,3993,5409,10
curl,libafl,3.0,5061.7,4209,5472,10
curl,libafl,3.5,5061.7,4209,5472,10
curl,libafl,4.0,5232.0,4244,5627,10
curl,libafl,4.5,5232.0,4244,5627,10
curl,libafl,5.0,5486.3,5136,5719,10
curl,libafl,5.5,5486.3,5136,5719,10
curl,libafl,6.0,5570.0,5136,5749,10
curl,libafl,6.5,5570.0,5136,5749,10
curl,libafl,7.0,5684.1,5483,5891,10
curl,libafl,7.5,5684.1,5483,5891,10
curl,libafl,8.0,5740.7,5585,5911,10
curl,libafl,8.5,5740.7,5585,5911,10
curl,libafl,9.0,5794.1,5689,5911,10
curl,libafl,9.5,5794.1,5689,5911,10
curl,libafl,10.0,5832.0,5748,5911,10
curl,libafl,10.5,5832.0,5748,5911,10
curl,libafl,11.0,5884.8,5758,5984,10
curl,libafl,11.5,5884.8,5758,5984,10
curl,libafl,12.0,5907.2,5790,5992,10
curl,libafl,12.5,5907.2,5790,5992,10
curl,libafl,13.0,5978.6,5862,6299,10
curl,libafl,13.5,5978.6,5862,6299,10
curl,libafl,14.0,5989.0,5881,6316,10
curl,libafl,14.5,5989.0,5881,6316,10
curl,libafl,15.0,6009.5,5912,6338,10
curl,libafl,15.5,6009.5,5912,6338,10
curl,libafl,16.0,6040.2,5935,6362,10
curl,libafl,16.5,6040.2,5935,6362,10
curl,libafl,17.0,6058.7,5965,6367,10
curl,libafl,17.5,6058.7,5965,6367,10
curl,libafl,18.0,6155.6,5989,6483,10
curl,libafl,18.5,6155.6,5989,6483,10
curl,libafl,19.0,6180.5,6012,6490,10
curl,libafl,19.5,6180.5,6012,6490,10
curl,libafl,20.0,6203.4,6043,6526,10
curl,libafl,20.5,6203.4,6043,6526,10
curl,libafl,21.0,6221.2,6058,6548,10
curl,libafl,21.5,6221.2,6058,6548,10
curl,libafl,22.0,6239.5,6062,6554,10
curl,libafl,22.5,6239.5,6062,6554,10
curl,libafl,23.0,6297.5,6063,6591,10
curl,libafl,23.5,6297.5,6063,6591,10
curl,libafl,24.0,6325.2,6082,6609,10
harfbuzz,aflplusplus,0.0,0.0,0,0,10
harfbuzz,aflplusplus,0.5,0.0,0,0,10
harfbuzz,aflplusplus,1.0,3579.6,2372,4342,10
harfbuzz,aflplusplus,1.5,3579.6,2372,4342,10
harfbuzz,aflplusplus,2.0,4285.1,3477,5008,10
harfbuzz,aflplusplus,2.5,4285.1,3477,5008,10
harfbuzz,aflplusplus,3.0,4931.5,3832,5978,10
harfbuzz,aflplusplus,3.5,4931.5,3832,5978,10
harfbuzz,aflplusplus,4.0,5353.0,4391,6449,10
harfbuzz,aflplusplus,4.5,5353.0,4391,6449,10
harfbuzz,aflplusplus,5.0,5692.0,4455,6717,10
harfbuzz,aflplusplus,5.5,5692.0,4455,6717,10
harfbuzz,aflplusplus,6.0,5885.0,4484,7076,10
harfbuzz,aflplusplus,6.5,5885.0,4484,7076,10
harfbuzz,aflplusplus,7.0,6161.0,4614,7264,10
harfbuzz,aflplusplus,7.5,6161.0,4614,7264,10
harfbuzz,aflplusplus,8.0,6305.8,4639,7298,10
harfbuzz,aflplusplus,8.5,6305.8,4639,7298,10
harfbuzz,aflplusplus,9.0,6471.4,4685,7472,10
harfbuzz,aflplusplus,9.5,6471.4,4685,7472,10
harfbuzz,aflplusplus,10.0,6732.1,5571,7531,10
harfbuzz,aflplusplus,10.5,6732.1,5571,7531,10
harfbuzz,aflplusplus,11.0,6884.9,5862,7651,10
harfbuzz,aflplusplus,11.5,6884.9,5862,7651,10
harfbuzz,aflplusplus,12.0,7013.7,6225,7721,10
harfbuzz,aflplusplus,12.5,7013.7,6225,7721,10
harfbuzz,aflplusplus,13.0,7104.7,6362,7786,10
harfbuzz,aflplusplus,13.5,7104.7,6362,7786,10
harfbuzz,aflplusplus,14.0,7238.9,6479,7830,10
harfbuzz,aflplusplus,14.5,7238.9,6479,7830,10
harfbuzz,aflplusplus,15.0,7304.6,6516,7863,10
harfbuzz,aflplusplus,15.5,7304.6,6516,7863,10
harfbuzz,aflplusplus,16.0,7353.4,6585,7909,10
harfbuzz,aflplusplus,16.5,7353.4,6585,7909,10
harfbuzz,aflplusplus,17.0,7462.3,6961,7944,10
harfbuzz,aflplusplus,17.5,7462.3,6961,7944,10
harfbuzz,aflplusplus,18.0,7506.5,7035,7960,10
harfbuzz,aflplusplus,18.5,7506.5,7035,7960,10
harfbuzz,aflplusplus,19.0,7566.6,7085,7991,10
harfbuzz,aflplusplus,19.5,7566.6,7085,7991,10
harfbuzz,aflplusplus,20.0,7589.2,7091,8005,10
harfbuzz,aflplusplus,20.5,7589.2,7091,8005,10
harfbuzz,aflplusplus,21.0,7614.6,7129,8030,10
harfbuzz,aflplusplus,21.5,7614.6,7129,8030,10
harfbuzz,aflplusplus,22.0,7631.7,7163,8042,10
harfbuzz,aflplusplus,22.5,7631.7,7163,8042,10
harfbuzz,aflplusplus,23.0,7656.7,7276,8053,10
harfbuzz,aflplusplus,23.5,7656.7,7276,8053,10
harfbuzz,aflplusplus,24.0,7677.6,7319,8099,10
harfbuzz,honggfuzz,0.0,0.0,0,0,10
harfbuzz,honggfuzz,0.5,0.0,0,0,10
harfbuzz,honggfuzz,1.0,4154.6,3025,4795,10
harfbuzz,honggfuzz,1.5,4154.6,3025,4795,10
harfbuzz,honggfuzz,2.0,4978.4,3742,5372,10
harfbuzz,honggfuzz,2.5,4978.4,3742,5372,10
harfbuzz,honggfuzz,3.0,5373.0,4802,5706,10
harfbuzz,honggfuzz,3.5,5373.0,4802,5706,10
harfbuzz,honggfuzz,4.0,5542.3,4932,5870,10
harfbuzz,honggfuzz,4.5,5542.3,4932,5870,10
harfbuzz,honggfuzz,5.0,5700.9,5362,6045,10
harfbuzz,honggfuzz,5.5,5700.9,5362,6045,10
harfbuzz,honggfuzz,6.0,5870.6,5558,6150,10
harfbuzz,honggfuzz,6.5,5870.6,5558,6150,10
harfbuzz,honggfuzz,7.0,6006.2,5648,6262,10
harfbuzz,honggfuzz,7.5,6006.2,5648,6262,10
harfbuzz,honggfuzz,8.0,6058.7,5700,6288,10
harfbuzz,honggfuzz,8.5,6058.7,5700,6288,10
harfbuzz,honggfuzz,9.0,6095.6,5705,6358,10
harfbuzz,honggfuzz,9.5,6095.6,5705,6358,10
harfbuzz,honggfuzz,10.0,6174.4,5878,6445,10
harfbuzz,honggfuzz,10.5,6174.4,5878,6445,10
harfbuzz,honggfuzz,11.0,6261.3,6029,6490,10
harfbuzz,honggfuzz,11.5,6261.3,6029,6490,10
harfbuzz,honggfuzz,12.0,6324.9,6088,6527,10
harfbuzz,honggfuzz,12.5,6324.9,6088,6527,10
harfbuzz,honggfuzz,13.0,6398.2,6179,6559,10
harfbuzz,honggfuzz,13.5,6398.2,6179,6559,10
harfbuzz,honggfuzz,14.0,6459.3,6264,6638,10
harfbuzz,honggfuzz,14.5,6459.3,6264,6638,10
harfbuzz,honggfuzz,15.0,6486.7,6274,6665,10
harfbuzz,honggfuzz,15.5,6486.7,6274,6665,10
harfbuzz,honggfuzz,16.0,6532.1,6330,6714,10
harfbuzz,honggfuzz,16.5,6532.1,6330,6714,10
harfbuzz,honggfuzz,17.0,6566.0,6363,6722,10
harfbuzz,honggfuzz,17.5,6566.0,6363,6722,10
harfbuzz,honggfuzz,18.0,6602.7,6448,6730,10
harfbuzz,honggfuzz,18.5,6602.7,6448,6730,10
harfbuzz,honggfuzz,19.0,6625.0,6459,6763,10
harfbuzz,honggfuzz,19.5,6625.0,6459,6763,10
harfbuzz,honggfuzz,20.0,6646.5,6489,6784,10
harfbuzz,honggfuzz,20.5,6646.5,6489,6784,10
harfbuzz,honggfuzz,21.0,6679.6,6549,6836,10
harfbuzz,honggfuzz,21.5,6679.6,6549,6836,10
harfbuzz,honggfuzz,22.0,6699.0,6564,6899,10
harfbuzz,honggfuzz,22.5,6699.0,6564,6899,10
harfbuzz,honggfuzz,23.0,6716.1,6582,6915,10
harfbuzz,honggfuzz,23.5,6716.1,6582,6915,10
harfbuzz,honggfuzz,24.0,6730.1,6603,6931,10
harfbuzz,libfuzzer,0.0,0.0,0,0,10
harfbuzz,libfuzzer,0.5,0.0,0,0,10
harfbuzz,libfuzzer,1.0,3676.1,3140,4031,10
harfbuzz,libfuzzer,1.5,3676.1,3140,4031,10
harfbuzz,libfuzzer,2.0,4269.0,3991,4530,10
harfbuzz,libfuzzer,2.5,4269.0,3991,4530,10
harfbuzz,libfuzzer,3.0,4554.0,4079,4875,10
harfbuzz,libfuzzer,3.5,4554.0,4079,4875,10
harfbuzz,libfuzzer,4.0,4762.4,4348,5112,10
harfbuzz,libfuzzer,4.5,4762.4,4348,5112,10
harfbuzz,libfuzzer,5.0,4980.4,4700,5404,10
harfbuzz,libfuzzer,5.5,4980.4,4700,5404,10
harfbuzz,libfuzzer,6.0,5159.2,4895,5494,10
harfbuzz,libfuzzer,6.5,5159.2,4895,5494,10
harfbuzz,libfuzzer,7.0,5280.1,4981,5616,10
harfbuzz,libfuzzer,7.5,5280.1,4981,5616,10
harfbuzz,libfuzzer,8.0,5364.2,5001,5649,10
harfbuzz,libfuzzer,8.5,5364.2,5001,5649,10
harfbuzz,libfuzzer,9.0,5425.3,5032,5718,10
harfbuzz,libfuzzer,9.5,5425.3,5032,5718,10
harfbuzz,libfuzzer,10.0,5478.7,5160,5781,10
harfbuzz,libfuzzer,10.5,5478.7,5160,5781,10
harfbuzz,libfuzzer,11.0,5528.6,5208,5824,10
harfbuzz,libfuzzer,11.5,5528.6,5208,5824,10
harfbuzz,libfuzzer,12.0,5565.0,5233,5841,10
harfbuzz,libfuzzer,12.5,5565.0,5233,5841,10
harfbuzz,libfuzzer,13.0,5611.3,5282,5888,10
harfbuzz,libfuzzer,13.5,5611.3,5282,5888,10
harfbuzz,libfuzzer,14.0,5644.4,5312,5908,10
harfbuzz,libfuzzer,14.5,5644.4,5312,5908,10
harfbuzz,libfuzzer,15.0,5697.2,5326,5971,10
harfbuzz,libfuzzer,15.5,5697.2,5326,5971,10
harfbuzz,libfuzzer,16.0,5740.9,5335,6040,10
harfbuzz,libfuzzer,16.5,5740.9,5335,6040,10
harfbuzz,libfuzzer,17.0,5835.6,5349,6211,10
harfbuzz,libfuzzer,17.5,5835.6,5349,6211,10
harfbuzz,libfuzzer,18.0,5905.1,5353,6516,10
harfbuzz,libfuzzer,18.5,5905.1,5353,6516,10
harfbuzz,libfuzzer,19.0,6015.1,5394,6660,10
harfbuzz,libfuzzer,19.5,6015.1,5394,6660,10
harfbuzz,libfuzzer,20.0,6051.2,5415,6732,10
harfbuzz,libfuzzer,20.5,6051.2,5415,6732,10
harfbuzz,libfuzzer,21.0,6072.3,5416,6767,10
harfbuzz,libfuzzer,21.5,6072.3,5416,6767,10
harfbuzz,libfuzzer,22.0,6132.0,5523,6809,10
harfbuzz,libfuzzer,22.5,6132.0,5523,6809,10
harfbuzz,libfuzzer,23.0,6160.8,5545,6823,10
harfbuzz,libfuzzer,23.5,6160.8,5545,6823,10
harfbuzz,libfuzzer,24.0,6180.7,5550,6901,10
harfbuzz,libafl,0.0,0.0,0,0,10
harfbuzz,libafl,0.5,0.0,0,0,10
harfbuzz,libafl,1.0,3307.5,2356,3877,10
harfbuzz,libafl,1.5,3307.5,2356,3877,10
harfbuzz,libafl,2.0,3890.8,3190,4281,10
harfbuzz,libafl,2.5,3890.8,3190,4281,10
harfbuzz,libafl,3.0,4063.7,3369,4583,10
harfbuzz,libafl,3.5,4063.7,3369,4583,10
harfbuzz,libafl,4.0,4234.2,3954,4637,10
harfbuzz,libafl,4.5,4234.2,3954,4637,10
harfbuzz,libafl,5.0,4280.5,3973,4674,10
harfbuzz,libafl,5.5,4280.5,3973,4674,10
harfbuzz,libafl,6.0,4404.3,3979,4727,10
harfbuzz,libafl,6.5,4404.3,3979,4727,10
harfbuzz,libafl,7.0,4445.8,4074,4763,10
harfbuzz,libafl,7.5,4445.8,4074,4763,10
harfbuzz,libafl,8.0,4559.1,4386,4871,10
harfbuzz,libafl,8.5,4559.1,4386,4871,10
harfbuzz,libafl,9.0,4675.8,4487,5025,10
harfbuzz,libafl,9.5,4675.8,4487,5025,10
harfbuzz,libafl,10.0,4750.9,4493,5136,10
harfbuzz,libafl,10.5,4750.9,4493,5136,10
harfbuzz,libafl,11.0,4779.6,4498,5169,10
harfbuzz,libafl,11.5,4779.6,4498,5169,10
harfbuzz,libafl,12.0,4807.8,4533,5224,10
harfbuzz,libafl,12.5,4807.8,4533,5224,10
harfbuzz,libafl,13.0,4834.4,4583,5227,10
harfbuzz,libafl,13.5,4834.4,4583,5227,10
harfbuzz,libafl,14.0,4858.4,4618,5257,10
harfbuzz,libafl,14.5,4858.4,4618,5257,10
harfbuzz,libafl,15.0,4869.6,4621,5290,10
harfbuzz,libafl,15.5,4869.6,4621,5290,10
harfbuzz,libafl,16.0,4884.3,4627,5305,10
harfbuzz,libafl,16.5,4884.3,4627,5305,10
harfbuzz,libafl,17.0,4895.1,4629,5310,10
harfbuzz,libafl,17.5,4895.1,4629,5310,10
harfbuzz,libafl,18.0,4909.4,4630,5322,10
harfbuzz,libafl,18.5,4909.4,4630,5322,10
harfbuzz,libafl,19.0,4915.5,4630,5339,10
harfbuzz,libafl,19.5,4915.5,4630,5339,10
harfbuzz,libafl,20.0,4927.0,4630,5401,10
harfbuzz,libafl,20.5,4927.0,4630,5401,10
harfbuzz,libafl,21.0,4946.0,4631,5410,10
harfbuzz,libafl,21.5,4946.0,4631,5410,10
harfbuzz,libafl,22.0,4977.7,4638,5430,10
harfbuzz,libafl,22.5,4977.7,4638,5430,10
harfbuzz,libafl,23.0,5019.6,4737,5474,10
harfbuzz,libafl,23.5,5019.6,4737,5474,10
harfbuzz,libafl,24.0,5025.7,4746,5475,10
lcms,aflplusplus,0.0,0.0,0,0,10
lcms,aflplusplus,0.5,0.0,0,0,10
lcms,aflplusplus,1.0,1397.2,1350,1570,10
lcms,aflplusplus,1.5,1397.2,1350,1570,10
lcms,aflplusplus,2.0,1436.1,1362,1590,10
lcms,aflplusplus,2.5,1436.1,1362,1590,10
lcms,aflplusplus,3.0,1446.7,1363,1668,10
lcms,aflplusplus,3.5,1446.7,1363,1668,10
lcms,aflplusplus,4.0,1466.0,1364,1696,10
lcms,aflplusplus,4.5,1466.0,1364,1696,10
lcms,aflplusplus,5.0,1471.2,1372,1696,10
lcms,aflplusplus,5.5,1471.2,1372,1696,10
lcms,aflplusplus,6.0,1476.2,1373,1712,10
lcms,aflplusplus,6.5,1476.2,1373,1712,10
lcms,aflplusplus,7.0,1480.8,1376,1713,10
lcms,aflplusplus,7.5,1480.8,1376,1713,10
lcms,aflplusplus,8.0,1483.0,1376,1723,10
lcms,aflplusplus,8.5,1483.0,1376,1723,10
lcms,aflplusplus,9.0,1486.4,1376,1726,10
lcms,aflplusplus,9.5,1486.4,1376,1726,10
lcms,aflplusplus,10.0,1489.3,1376,1727,10
lcms,aflplusplus,10.5,1489.3,1376,1727,10
lcms,aflplusplus,11.0,1493.6,1376,1740,10
lcms,aflplusplus,11.5,1493.6,1376,1740,10
lcms,aflplusplus,12.0,1494.4,1376,1740,10
lcms,aflplusplus,12.5,1494.4,1376,1740,10
lcms,aflplusplus,13.0,1495.6,1376,1741,10
lcms,aflplusplus,13.5,1495.6,1376,1741,10
lcms,aflplusplus,14.0,1498.5,1393,1749,10
lcms,aflplusplus,14.5,1498.5,1393,1749,10
lcms,aflplusplus,15.0,1506.7,1393,1749,10
lcms,aflplusplus,15.5,1506.7,1393,1749,10
lcms,aflplusplus,16.0,1507.7,1393,1749,10
lcms,aflplusplus,16.5,1507.7,1393,1749,10
lcms,aflplusplus,17.0,1508.8,1393,1758,10
lcms,aflplusplus,17.5,1508.8,1393,1758,10
lcms,aflplusplus,18.0,1517.4,1394,1758,10
lcms,aflplusplus,18.5,1517.4,1394,1758,10
lcms,aflplusplus,19.0,1518.3,1394,1758,10
lcms,aflplusplus,19.5,1518.3,1394,1758,10
lcms,aflplusplus,20.0,1520.0,1394,1765,10
lcms,aflplusplus,20.5,1520.0,1394,1765,10
lcms,aflplusplus,21.0,1520.5,1394,1766,10
lcms,aflplusplus,21.5,1520.5,1394,1766,10
lcms,aflplusplus,22.0,1521.6,1394,1766,10
lcms,aflplusplus,22.5,1521.6,1394,1766,10
lcms,aflplusplus,23.0,1522.0,1394,1766,10
lcms,aflplusplus,23.5,1522.0,1394,1766,10
lcms,aflplusplus,24.0,1525.0,1394,1766,10
lcms,honggfuzz,0.0,0.0,0,0,10
lcms,honggfuzz,0.5,0.0,0,0,10
lcms,honggfuzz,1.0,1219.4,973,1298,10
lcms,honggfuzz,1.5,1219.4,973,1298,10
lcms,honggfuzz,2.0,1288.7,1229,1325,10
lcms,honggfuzz,2.5,1288.7,1229,1325,10
lcms,honggfuzz,3.0,1307.9,1274,1338,10
lcms,honggfuzz,3.5,1307.9,1274,1338,10
lcms,honggfuzz,4.0,1318.2,1288,1345,10
lcms,honggfuzz,4.5,1318.2,1288,1345,10
lcms,honggfuzz,5.0,1327.0,1303,1352,10
lcms,honggfuzz,5.5,1327.0,1303,1352,10
lcms,honggfuzz,6.0,1337.1,1311,1359,10
lcms,honggfuzz,6.5,1337.1,1311,1359,10
lcms,honggfuzz,7.0,1343.2,1319,1363,10
lcms,honggfuzz,7.5,1343.2,1319,1363,10
lcms,honggfuzz,8.0,1352.7,1329,1371,10
lcms,honggfuzz,8.5,1352.7,1329,1371,10
lcms,honggfuzz,9.0,1360.2,1331,1380,10
lcms,honggfuzz,9.5,1360.2,1331,1380,10
lcms,honggfuzz,10.0,1362.8,1333,1384,10
lcms,honggfuzz,10.5,1362.8,1333,1384,10
lcms,honggfuzz,11.0,1365.4,1333,1394,10
lcms,honggfuzz,11.5,1365.4,1333,1394,10
lcms,honggfuzz,12.0,1369.0,1333,1400,10
lcms,honggfuzz,12.5,1369.0,1333,1400,10
lcms,honggfuzz,13.0,1370.0,1333,1400,10
lcms,honggfuzz,13.5,1370.0,1333,1400,10
lcms,honggfuzz,14.0,1371.4,1333,1404,10
lcms,honggfuzz,14.5,1371.4,1333,1404,10
lcms,honggfuzz,15.0,1372.5,1335,1404,10
lcms,honggfuzz,15.5,1372.5,1335,1404,10
lcms,honggfuzz,16.0,1373.5,1340,1407,10
lcms,honggfuzz,16.5,1373.5,1340,1407,10
lcms,honggfuzz,17.0,1374.8,1342,1413,10
lcms,honggfuzz,17.5,1374.8,1342,1413,10
lcms,honggfuzz,18.0,1375.7,1342,1413,10
lcms,honggfuzz,18.5,1375.7,1342,1413,10
lcms,honggfuzz,19.0,1376.1,1342,1413,10
lcms,honggfuzz,19.5,1376.1,1342,1413,10
lcms,honggfuzz,20.0,1378.4,1343,1413,10
lcms,honggfuzz,20.5,1378.4,1343,1413,10
lcms,honggfuzz,21.0,1378.6,1343,1413,10
lcms,honggfuzz,21.5,1378.6,1343,1413,10
lcms,honggfuzz,22.0,1381.3,1345,1413,10
lcms,honggfuzz,22.5,1381.3,1345,1413,10
lcms,honggfuzz,23.0,1381.7,1345,1415,10
lcms,honggfuzz,23.5,1381.7,1345,1415,10
lcms,honggfuzz,24.0,1382.3,1346,1415,10
lcms,libfuzzer,0.0,0.0,0,0,10
lcms,libfuzzer,0.5,0.0,0,0,10
lcms,libfuzzer,1.0,1677.9,1634,1731,10
lcms,libfuzzer,1.5,1677.9,1634,1731,10
lcms,libfuzzer,2.0,1736.0,1669,1771,10
lcms,libfuzzer,2.5,1736.0,1669,1771,10
lcms,libfuzzer,3.0,1753.5,1677,1817,10
lcms,libfuzzer,3.5,1753.5,1677,1817,10
lcms,libfuzzer,4.0,1784.8,1701,1869,10
lcms,libfuzzer,4.5,1784.8,1701,1869,10
lcms,libfuzzer,5.0,1798.8,1729,1908,10
lcms,libfuzzer,5.5,1798.8,1729,1908,10
lcms,libfuzzer,6.0,1816.1,1771,1925,10
lcms,libfuzzer,6.5,1816.1,1771,1925,10
lcms,libfuzzer,7.0,1842.9,1777,2001,10
lcms,libfuzzer,7.5,1842.9,1777,2001,10
lcms,libfuzzer,8.0,1869.9,1799,2078,10
lcms,libfuzzer,8.5,1869.9,1799,2078,10
lcms,libfuzzer,9.0,1877.6,1817,2084,10
lcms,libfuzzer,9.5,1877.6,1817,2084,10
lcms,libfuzzer,10.0,1889.8,1834,2084,10
lcms,libfuzzer,10.5,1889.8,1834,2084,10
lcms,libfuzzer,11.0,1897.1,1837,2084,10
lcms,libfuzzer,11.5,1897.1,1837,2084,10
lcms,libfuzzer,12.0,1910.6,1841,2084,10
lcms,libfuzzer,12.5,1910.6,1841,2084,10
lcms,libfuzzer,13.0,1917.2,1851,2084,10
lcms,libfuzzer,13.5,1917.2,1851,2084,10
lcms,libfuzzer,14.0,1929.7,1853,2084,10
lcms,libfuzzer,14.5,1929.7,1853,2084,10
lcms,libfuzzer,15.0,1934.6,1856,2093,10
lcms,libfuzzer,15.5,1934.6,1856,2093,10
lcms,libfuzzer,16.0,1941.8,1860,2096,10
lcms,libfuzzer,16.5,1941.8,1860,2096,10
lcms,libfuzzer,17.0,1946.3,1866,2099,10
lcms,libfuzzer,17.5,1946.3,1866,2099,10
lcms,libfuzzer,18.0,1952.3,1874,2100,10
lcms,libfuzzer,18.5,1952.3,1874,2100,10
lcms,libfuzzer,19.0,1954.9,1875,2100,10
lcms,libfuzzer,19.5,1954.9,1875,2100,10
lcms,libfuzzer,20.0,1957.9,1882,2100,10
lcms,libfuzzer,20.5,1957.9,1882,2100,10
lcms,libfuzzer,21.0,1961.4,1889,2100,10
lcms,libfuzzer,21.5,1961.4,1889,2100,10
lcms,libfuzzer,22.0,1968.4,1889,2100,10
lcms,libfuzzer,22.5,1968.4,1889,2100,10
lcms,libfuzzer,23.0,1978.7,1891,2102,10
lcms,libfuzzer,23.5,1978.7,1891,2102,10
lcms,libfuzzer,24.0,1983.6,1891,2107,10
lcms,libafl,0.0,0.0,0,0,10
lcms,libafl,0.5,0.0,0,0,10
lcms,libafl,1.0,1327.7,1286,1409,10
lcms,libafl,1.5,1327.7,1286,1409,10
lcms,libafl,2.0,1369.4,1303,1418,10
lcms,libafl,2.5,1369.4,1303,1418,10
lcms,libafl,3.0,1428.1,1303,1862,10
lcms,libafl,3.5,1428.1,1303,1862,10
lcms,libafl,4.0,1455.6,1375,1923,10
lcms,libafl,4.5,1455.6,1375,1923,10
lcms,libafl,5.0,1459.2,1376,1930,10
lcms,libafl,5.5,1459.2,1376,1930,10
lcms,libafl,6.0,1461.4,1382,1936,10
lcms,libafl,6.5,1461.4,1382,1936,10
lcms,libafl,7.0,1469.6,1391,1937,10
lcms,libafl,7.5,1469.6,1391,1937,10
lcms,libafl,8.0,1471.5,1391,1938,10
lcms,libafl,8.5,1471.5,1391,1938,10
lcms,libafl,9.0,1472.5,1391,1940,10
lcms,libafl,9.5,1472.5,1391,1940,10
lcms,libafl,10.0,1510.3,1391,1943,10
lcms,libafl,10.5,1510.3,1391,1943,10
lcms,libafl,11.0,1533.2,1391,1945,10
lcms,libafl,11.5,1533.2,1391,1945,10
lcms,libafl,12.0,1548.7,1391,1947,10
lcms,libafl,12.5,1548.7,1391,1947,10
lcms,libafl,13.0,1553.3,1391,1948,10
lcms,libafl,13.5,1553.3,1391,1948,10
lcms,libafl,14.0,1558.2,1391,1950,10
lcms,libafl,14.5,1558.2,1391,1950,10
lcms,libafl,15.0,1559.9,1391,1952,10
lcms,libafl,15.5,1559.9,1391,1952,10
lcms,libafl,16.0,1560.8,1391,1955,10
lcms,libafl,16.5,1560.8,1391,1955,10
lcms,libafl,17.0,1561.2,1392,1955,10
lcms,libafl,17.5,1561.2,1392,1955,10
lcms,libafl,18.0,1561.8,1394,1955,10
lcms,libafl,18.5,1561.8,1394,1955,10
lcms,libafl,19.0,1566.9,1394,1955,10
lcms,libafl,19.5,1566.9,1394,1955,10
lcms,libafl,20.0,1569.8,1394,1956,10
lcms,libafl,20.5,1569.8,1394,1956,10
lcms,libafl,21.0,1572.3,1394,1963,10
lcms,libafl,21.5,1572.3,1394,1963,10
lcms,libafl,22.0,1575.1,1394,1964,10
lcms,libafl,22.5,1575.1,1394,1964,10
lcms,libafl,23.0,1581.0,1394,1964,10
lcms,libafl,23.5,1581.0,1394,1964,10
lcms,libafl,24.0,1581.5,1394,1966,10
libpng,aflplusplus,0.0,0.0,0,0,10
libpng,aflplusplus,0.5,0.0,0,0,10
libpng,aflplusplus,1.0,1637.7,1574,1701,10
libpng,aflplusplus,1.5,1637.7,1574,1701,10
libpng,aflplusplus,2.0,1722.2,1650,1770,10
libpng,aflplusplus,2.5,1722.2,1650,1770,10
libpng,aflplusplus,3.0,1759.8,1715,1819,10
libpng,aflplusplus,3.5,1759.8,1715,1819,10
libpng,aflplusplus,4.0,1788.9,1747,1874,10
libpng,aflplusplus,4.5,1788.9,1747,1874,10
libpng,aflplusplus,5.0,1800.5,1755,1878,10
libpng,aflplusplus,5.5,1800.5,1755,1878,10
libpng,aflplusplus,6.0,1816.2,1776,1884,10
libpng,aflplusplus,6.5,1816.2,1776,1884,10
libpng,aflplusplus,7.0,1824.8,1787,1884,10
libpng,aflplusplus,7.5,1824.8,1787,1884,10
libpng,aflplusplus,8.0,1831.4,1787,1887,10
libpng,aflplusplus,8.5,1831.4,1787,1887,10
libpng,aflplusplus,9.0,1838.3,1789,1887,10
libpng,aflplusplus,9.5,1838.3,1789,1887,10
libpng,aflplusplus,10.0,1850.6,1804,1888,10
libpng,aflplusplus,10.5,1850.6,1804,1888,10
libpng,aflplusplus,11.0,1852.1,1804,1890,10
libpng,aflplusplus,11.5,1852.1,1804,1890,10
libpng,aflplusplus,12.0,1857.0,1821,1890,10
libpng,aflplusplus,12.5,1857.0,1821,1890,10
libpng,aflplusplus,13.0,1859.3,1821,1892,10
libpng,aflplusplus,13.5,1859.3,1821,1892,10
libpng,aflplusplus,14.0,1863.0,1821,1895,10
libpng,aflplusplus,14.5,1863.0,1821,1895,10
libpng,aflplusplus,15.0,1867.9,1821,1896,10
libpng,aflplusplus,15.5,1867.9,1821,1896,10
libpng,aflplusplus,16.0,1869.7,1822,1896,10
libpng,aflplusplus,16.5,1869.7,1822,1896,10
libpng,aflplusplus,17.0,1872.4,1822,1902,10
libpng,aflplusplus,17.5,1872.4,1822,1902,10
libpng,aflplusplus,18.0,1874.9,1822,1902,10
libpng,aflplusplus,18.5,1874.9,1822,1902,10
libpng,aflplusplus,19.0,1876.9,1822,1902,10
libpng,aflplusplus,19.5,1876.9,1822,1902,10
libpng,aflplusplus,20.0,1881.0,1822,1902,10
libpng,aflplusplus,20.5,1881.0,1822,1902,10
libpng,aflplusplus,21.0,1881.4,1822,1902,10
libpng,aflplusplus,21.5,1881.4,1822,1902,10
libpng,aflplusplus,22.0,1881.8,1822,1902,10
libpng,aflplusplus,22.5,1881.8,1822,1902,10
libpng,aflplusplus,23.0,1882.3,1822,1902,10
libpng,aflplusplus,23.5,1882.3,1822,1902,10
libpng,aflplusplus,24.0,1882.4,1822,1902,10
libpng,honggfuzz,0.0,0.0,0,0,10
libpng,honggfuzz,0.5,0.0,0,0,10
libpng,honggfuzz,1.0,1579.4,1069,1720,10
libpng,honggfuzz,1.5,1579.4,1069,1720,10
libpng,honggfuzz,2.0,1645.9,1357,1769,10
libpng,honggfuzz,2.5,1645.9,1357,1769,10
libpng,honggfuzz,3.0,1723.0,1610,1805,10
libpng,honggfuzz,3.5,1723.0,1610,1805,10
libpng,honggfuzz,4.0,1745.3,1630,1819,10
libpng,honggfuzz,4.5,1745.3,1630,1819,10
libpng,honggfuzz,5.0,1759.4,1643,1842,10
libpng,honggfuzz,5.5,1759.4,1643,1842,10
libpng,honggfuzz,6.0,1772.0,1718,1849,10
libpng,honggfuzz,6.5,1772.0,1718,1849,10
libpng,honggfuzz,7.0,1780.0,1729,1851,10
libpng,honggfuzz,7.5,1780.0,1729,1851,10
libpng,honggfuzz,8.0,1789.5,1739,1870,10
libpng,honggfuzz,8.5,1789.5,1739,1870,10
libpng,honggfuzz,9.0,1793.0,1739,1876,10
libpng,honggfuzz,9.5,1793.0,1739,1876,10
libpng,honggfuzz,10.0,1797.7,1745,1876,10
libpng,honggfuzz,10.5,1797.7,1745,1876,10
libpng,honggfuzz,11.0,1802.2,1746,1882,10
libpng,honggfuzz,11.5,1802.2,1746,1882,10
libpng,honggfuzz,12.0,1811.7,1748,1885,10
libpng,honggfuzz,12.5,1811.7,1748,1885,10
libpng,honggfuzz,13.0,1818.2,1755,1889,10
libpng,honggfuzz,13.5,1818.2,1755,1889,10
libpng,honggfuzz,14.0,1825.6,1762,1905,10
libpng,honggfuzz,14.5,1825.6,1762,1905,10
libpng,honggfuzz,15.0,1831.8,1762,1905,10
libpng,honggfuzz,15.5,1831.8,1762,1905,10
libpng,honggfuzz,16.0,1835.4,1762,1905,10
libpng,honggfuzz,16.5,1835.4,1762,1905,10
libpng,honggfuzz,17.0,1846.1,1763,1905,10
libpng,honggfuzz,17.5,1846.1,1763,1905,10
libpng,honggfuzz,18.0,1854.8,1765,1917,10
libpng,honggfuzz,18.5,1854.8,1765,1917,10
libpng,honggfuzz,19.0,1857.2,1768,1917,10
libpng,honggfuzz,19.5,1857.2,1768,1917,10
libpng,honggfuzz,20.0,1861.3,1769,1925,10
libpng,honggfuzz,20.5,1861.3,1769,1925,10
libpng,honggfuzz,21.0,1862.7,1770,1926,10
libpng,honggfuzz,21.5,1862.7,1770,1926,10
libpng,honggfuzz,22.0,1869.2,1770,1926,10
libpng,honggfuzz,22.5,1869.2,1770,1926,10
libpng,honggfuzz,23.0,1870.9,1770,1926,10
libpng,honggfuzz,23.5,1870.9,1770,1926,10
libpng,honggfuzz,24.0,1872.1,1771,1926,10
libpng,libfuzzer,0.0,0.0,0,0,10
libpng,libfuzzer,0.5,0.0,0,0,10
libpng,libfuzzer,1.0,1627.2,1295,1848,10
libpng,libfuzzer,1.5,1627.2,1295,1848,10
libpng,libfuzzer,2.0,1804.1,1716,1871,10
libpng,libfuzzer,2.5,1804.1,1716,1871,10
libpng,libfuzzer,3.0,1841.6,1732,1900,10
libpng,libfuzzer,3.5,1841.6,1732,1900,10
libpng,libfuzzer,4.0,1860.9,1742,1907,10
libpng,libfuzzer,4.5,1860.9,1742,1907,10
libpng,libfuzzer,5.0,1870.6,1764,1910,10
libpng,libfuzzer,5.5,1870.6,1764,1910,10
libpng,libfuzzer,6.0,1874.5,1769,1911,10
libpng,libfuzzer,6.5,1874.5,1769,1911,10
libpng,libfuzzer,7.0,1882.3,1794,1921,10
libpng,libfuzzer,7.5,1882.3,1794,1921,10
libpng,libfuzzer,8.0,1885.4,1794,1944,10
libpng,libfuzzer,8.5,1885.4,1794,1944,10
libpng,libfuzzer,9.0,1894.9,1805,1946,10
libpng,libfuzzer,9.5,1894.9,1805,1946,10
libpng,libfuzzer,10.0,1899.1,1814,1946,10
libpng,libfuzzer,10.5,1899.1,1814,1946,10
libpng,libfuzzer,11.0,1900.1,1815,1948,10
libpng,libfuzzer,11.5,1900.1,1815,1948,10
libpng,libfuzzer,12.0,1909.5,1875,1965,10
libpng,libfuzzer,12.5,1909.5,1875,1965,10
libpng,libfuzzer,13.0,1914.0,1884,1989,10
libpng,libfuzzer,13.5,1914.0,1884,1989,10
libpng,libfuzzer,14.0,1914.9,1884,1993,10
libpng,libfuzzer,14.5,1914.9,1884,1993,10
libpng,libfuzzer,15.0,1915.7,1884,1995,10
libpng,libfuzzer,15.5,1915.7,1884,1995,10
libpng,libfuzzer,16.0,1918.6,1892,1997,10
libpng,libfuzzer,16.5,1918.6,1892,1997,10
libpng,libfuzzer,17.0,1919.1,1892,1998,10
libpng,libfuzzer,17.5,1919.1,1892,1998,10
libpng,libfuzzer,18.0,1919.6,1892,1999,10
libpng,libfuzzer,18.5,1919.6,1892,1999,10
libpng,libfuzzer,19.0,1919.8,1894,1999,10
libpng,libfuzzer,19.5,1919.8,1894,1999,10
libpng,libfuzzer,20.0,1920.1,1895,1999,10
libpng,libfuzzer,20.5,1920.1,1895,1999,10
libpng,libfuzzer,21.0,1920.6,1895,2001,10
libpng,libfuzzer,21.5,1920.6,1895,2001,10
libpng,libfuzzer,22.0,1920.8,1895,2001,10
libpng,libfuzzer,22.5,1920.8,1895,2001,10
libpng,libfuzzer,23.0,1920.8,1895,2001,10
libpng,libfuzzer,23.5,1920.8,1895,2001,10
libpng,libfuzzer,24.0,1920.8,1895,2001,10
libpng,libafl,0.0,0.0,0,0,10
libpng,libafl,0.5,0.0,0,0,10
libpng,libafl,1.0,1560.7,1381,1702,10
libpng,libafl,1.5,1560.7,1381,1702,10
libpng,libafl,2.0,1647.4,1506,1737,10
libpng,libafl,2.5,1647.4,1506,1737,10
libpng,libafl,3.0,1681.4,1609,1777,10
libpng,libafl,3.5,1681.4,1609,1777,10
libpng,libafl,4.0,1701.4,1617,1781,10
libpng,libafl,4.5,1701.4,1617,1781,10
libpng,libafl,5.0,1707.3,1617,1784,10
libpng,libafl,5.5,1707.3,1617,1784,10
libpng,libafl,6.0,1725.0,1660,1788,10
libpng,libafl,6.5,1725.0,1660,1788,10
libpng,libafl,7.0,1727.8,1665,1790,10
libpng,libafl,7.5,1727.8,1665,1790,10
libpng,libafl,8.0,1732.2,1671,1796,10
libpng,libafl,8.5,1732.2,1671,1796,10
libpng,libafl,9.0,1736.6,1671,1806,10
libpng,libafl,9.5,1736.6,1671,1806,10
libpng,libafl,10.0,1744.1,1680,1806,10
libpng,libafl,10.5,1744.1,1680,1806,10
libpng,libafl,11.0,1748.7,1681,1806,10
libpng,libafl,11.5,1748.7,1681,1806,10
libpng,libafl,12.0,1750.5,1688,1806,10
libpng,libafl,12.5,1750.5,1688,1806,10
libpng,libafl,13.0,1751.6,1688,1806,10
libpng,libafl,13.5,1751.6,1688,1806,10
libpng,libafl,14.0,1755.1,1688,1806,10
libpng,libafl,14.5,1755.1,1688,1806,10
libpng,libafl,15.0,1756.9,1691,1807,10
libpng,libafl,15.5,1756.9,1691,1807,10
libpng,libafl,16.0,1758.0,1701,1807,10
libpng,libafl,16.5,1758.0,1701,1807,10
libpng,libafl,17.0,1759.2,1707,1807,10
libpng,libafl,17.5,1759.2,1707,1807,10
libpng,libafl,18.0,1766.1,1707,1807,10
libpng,libafl,18.5,1766.1,1707,1807,10
libpng,libafl,19.0,1767.6,1713,1807,10
libpng,libafl,19.5,1767.6,1713,1807,10
libpng,libafl,20.0,1772.8,1723,1807,10
libpng,libafl,20.5,1772.8,1723,1807,10
libpng,libafl,21.0,1774.8,1723,1807,10
libpng,libafl,21.5,1774.8,1723,1807,10
libpng,libafl,22.0,1775.4,1723,1807,10
libpng,libafl,22.5,1775.4,1723,1807,10
libpng,libafl,23.0,1777.4,1738,1807,10
libpng,libafl,23.5,1777.4,1738,1807,10
libpng,libafl,24.0,1777.5,1738,1807,10
libxml2,aflplusplus,0.0,0.0,0,0,10
libxml2,aflplusplus,0.5,0.0,0,0,10
libxml2,aflplusplus,1.0,9659.4,7341,10944,10
libxml2,aflplusplus,1.5,9659.4,7341,10944,10
libxml2,aflplusplus,2.0,11103.1,9529,11919,10
libxml2,aflplusplus,2.5,11103.1,9529,11919,10
libxml2,aflplusplus,3.0,11972.9,11175,12831,10
libxml2,aflplusplus,3.5,11972.9,11175,12831,10
libxml2,aflplusplus,4.0,12393.2,11710,13034,10
libxml2,aflplusplus,4.5,12393.2,11710,13034,10
libxml2,aflplusplus,5.0,12773.4,12279,13316,10
libxml2,aflplusplus,5.5,12773.4,12279,13316,10
libxml2,aflplusplus,6.0,13037.1,12597,13611,10
libxml2,aflplusplus,6.5,13037.1,12597,13611,10
libxml2,aflplusplus,7.0,13234.4,12729,13782,10
libxml2,aflplusplus,7.5,13234.4,12729,13782,10
libxml2,aflplusplus,8.0,13363.3,13042,13861,10
libxml2,aflplusplus,8.5,13363.3,13042,13861,10
libxml2,aflplusplus,9.0,13443.4,13109,13908,10
libxml2,aflplusplus,9.5,13443.4,13109,13908,10
libxml2,aflplusplus,10.0,13528.6,13248,14018,10
libxml2,aflplusplus,10.5,13528.6,13248,14018,10
libxml2,aflplusplus,11.0,13589.0,13278,14093,10
libxml2,aflplusplus,11.5,13589.0,13278,14093,10
libxml2,aflplusplus,12.0,13629.7,13323,14136,10
libxml2,aflplusplus,12.5,13629.7,13323,14136,10
libxml2,aflplusplus,13.0,13676.4,13344,14159,10
libxml2,aflplusplus,13.5,13676.4,13344,14159,10
libxml2,aflplusplus,14.0,13715.1,13400,14256,10
libxml2,aflplusplus,14.5,13715.1,13400,14256,10
libxml2,aflplusplus,15.0,13749.8,13429,14300,10
libxml2,aflplusplus,15.5,13749.8,13429,14300,10
libxml2,aflplusplus,16.0,13781.0,13436,14320,10
libxml2,aflplusplus,16.5,13781.0,13436,14320,10
libxml2,aflplusplus,17.0,13798.4,13447,14349,10
libxml2,aflplusplus,17.5,13798.4,13447,14349,10
libxml2,aflplusplus,18.0,13821.4,13456,14356,10
libxml2,aflplusplus,18.5,13821.4,13456,14356,10
libxml2,aflplusplus,19.0,13853.2,13552,14370,10
libxml2,aflplusplus,19.5,13853.2,13552,14370,10
libxml2,aflplusplus,20.0,13874.2,13558,14390,10
libxml2,aflplusplus,20.5,13874.2,13558,14390,10
libxml2,aflplusplus,21.0,13885.0,13565,14408,10
libxml2,aflplusplus,21.5,13885.0,13565,14408,10
libxml2,aflplusplus,22.0,13898.0,13569,14426,10
libxml2,aflplusplus,22.5,13898.0,13569,14426,10
libxml2,aflplusplus,23.0,13909.6,13578,14449,10
libxml2,aflplusplus,23.5,13909.6,13578,14449,10
libxml2,aflplusplus,24.0,13924.8,13639,14457,10
libxml2,honggfuzz,0.0,0.0,0,0,10
libxml2,honggfuzz,0.5,0.0,0,0,10
libxml2,honggfuzz,1.0,10346.2,6132,11462,10
libxml2,honggfuzz,1.5,10346.2,6132,11462,10
libxml2,honggfuzz,2.0,11744.2,10798,12258,10
libxml2,honggfuzz,2.5,11744.2,10798,12258,10
libxml2,honggfuzz,3.0,12279.6,11513,12673,10
libxml2,honggfuzz,3.5,12279.6,11513,12673,10
libxml2,honggfuzz,4.0,12526.2,11938,12888,10
libxml2,honggfuzz,4.5,12526.2,11938,12888,10
libxml2,honggfuzz,5.0,12751.0,11963,13194,10
libxml2,honggfuzz,5.5,12751.0,11963,13194,10
libxml2,honggfuzz,6.0,13013.0,12446,13331,10
libxml2,honggfuzz,6.5,13013.0,12446,13331,10
libxml2,honggfuzz,7.0,13192.6,12674,13493,10
libxml2,honggfuzz,7.5,13192.6,12674,13493,10
libxml2,honggfuzz,8.0,13306.3,12856,13614,10
libxml2,honggfuzz,8.5,13306.3,12856,13614,10
libxml2,honggfuzz,9.0,13383.9,12991,13708,10
libxml2,honggfuzz,9.5,13383.9,12991,13708,10
libxml2,honggfuzz,10.0,13478.4,13149,13809,10
libxml2,honggfuzz,10.5,13478.4,13149,13809,10
libxml2,honggfuzz,11.0,13561.4,13301,13858,10
libxml2,honggfuzz,11.5,13561.4,13301,13858,10
libxml2,honggfuzz,12.0,13637.5,13402,13899,10
libxml2,honggfuzz,12.5,13637.5,13402,13899,10
libxml2,honggfuzz,13.0,13679.3,13423,13919,10
libxml2,honggfuzz,13.5,13679.3,13423,13919,10
libxml2,honggfuzz,14.0,13720.2,13441,13964,10
libxml2,honggfuzz,14.5,13720.2,13441,13964,10
libxml2,honggfuzz,15.0,13764.4,13463,13987,10
libxml2,honggfuzz,15.5,13764.4,13463,13987,10
libxml2,honggfuzz,16.0,13799.2,13498,14033,10
libxml2,honggfuzz,16.5,13799.2,13498,14033,10
libxml2,honggfuzz,17.0,13832.1,13518,14097,10
libxml2,honggfuzz,17.5,13832.1,13518,14097,10
libxml2,honggfuzz,18.0,13857.1,13549,14120,10
libxml2,honggfuzz,18.5,13857.1,13549,14120,10
libxml2,honggfuzz,19.0,13878.8,13557,14159,10
libxml2,honggfuzz,19.5,13878.8,13557,14159,10
libxml2,honggfuzz,20.0,13909.8,13602,14168,10
libxml2,honggfuzz,20.5,13909.8,13602,14168,10
libxml2,honggfuzz,21.0,13938.7,13609,14189,10
libxml2,honggfuzz,21.5,13938.7,13609,14189,10
libxml2,honggfuzz,22.0,13954.8,13609,14213,10
libxml2,honggfuzz,22.5,13954.8,13609,14213,10
libxml2,honggfuzz,23.0,13981.3,13652,14243,10
libxml2,honggfuzz,23.5,13981.3,13652,14243,10
libxml2,honggfuzz,24.0,13997.6,13679,14270,10
libxml2,libfuzzer,0.0,0.0,0,0,10
libxml2,libfuzzer,0.5,0.0,0,0,10
libxml2,libfuzzer,1.0,9248.7,7683,10391,10
libxml2,libfuzzer,1.5,9248.7,7683,10391,10
libxml2,libfuzzer,2.0,10607.1,7971,11453,10
libxml2,libfuzzer,2.5,10607.1,7971,11453,10
libxml2,libfuzzer,3.0,11406.5,10301,12090,10
libxml2,libfuzzer,3.5,11406.5,10301,12090,10
libxml2,libfuzzer,4.0,11726.5,10746,12279,10
libxml2,libfuzzer,4.5,11726.5,10746,12279,10
libxml2,libfuzzer,5.0,11896.7,10869,12458,10
libxml2,libfuzzer,5.5,11896.7,10869,12458,10
libxml2,libfuzzer,6.0,12231.9,11399,12783,10
libxml2,libfuzzer,6.5,12231.9,11399,12783,10
libxml2,libfuzzer,7.0,12585.7,12158,12980,10
libxml2,libfuzzer,7.5,12585.7,12158,12980,10
libxml2,libfuzzer,8.0,12929.8,12595,13427,10
libxml2,libfuzzer,8.5,12929.8,12595,13427,10
libxml2,libfuzzer,9.0,13112.4,12816,13634,10
libxml2,libfuzzer,9.5,13112.4,12816,13634,10
libxml2,libfuzzer,10.0,13263.8,12959,13786,10
libxml2,libfuzzer,10.5,13263.8,12959,13786,10
libxml2,libfuzzer,11.0,13400.3,13108,13847,10
libxml2,libfuzzer,11.5,13400.3,13108,13847,10
libxml2,libfuzzer,12.0,13515.5,13197,13933,10
libxml2,libfuzzer,12.5,13515.5,13197,13933,10
libxml2,libfuzzer,13.0,13603.5,13271,14030,10
libxml2,libfuzzer,13.5,13603.5,13271,14030,10
libxml2,libfuzzer,14.0,13672.7,13345,14075,10
libxml2,libfuzzer,14.5,13672.7,13345,14075,10
libxml2,libfuzzer,15.0,13736.0,13391,14132,10
libxml2,libfuzzer,15.5,13736.0,13391,14132,10
libxml2,libfuzzer,16.0,13792.5,13489,14158,10
libxml2,libfuzzer,16.5,13792.5,13489,14158,10
libxml2,libfuzzer,17.0,13874.9,13561,14222,10
libxml2,libfuzzer,17.5,13874.9,13561,14222,10
libxml2,libfuzzer,18.0,13924.8,13598,14243,10
libxml2,libfuzzer,18.5,13924.8,13598,14243,10
libxml2,libfuzzer,19.0,13984.2,13715,14315,10
libxml2,libfuzzer,19.5,13984.2,13715,14315,10
libxml2,libfuzzer,20.0,14031.2,13837,14328,10
libxml2,libfuzzer,20.5,14031.2,13837,14328,10
libxml2,libfuzzer,21.0,14064.8,13868,14355,10
libxml2,libfuzzer,21.5,14064.8,13868,14355,10
libxml2,libfuzzer,22.0,14092.7,13929,14376,10
libxml2,libfuzzer,22.5,14092.7,13929,14376,10
libxml2,libfuzzer,23.0,14119.5,13955,14399,10
libxml2,libfuzzer,23.5,14119.5,13955,14399,10
libxml2,libfuzzer,24.0,14157.5,13984,14439,10
libxml2,libafl,0.0,0.0,0,0,10
libxml2,libafl,0.5,0.0,0,0,10
libxml2,libafl,1.0,5519.5,3655,6300,10
libxml2,libafl,1.5,5519.5,3655,6300,10
libxml2,libafl,2.0,6328.6,4500,7475,10
libxml2,libafl,2.5,6328.6,4500,7475,10
libxml2,libafl,3.0,7898.3,6358,8624,10
libxml2,libafl,3.5,7898.3,6358,8624,10
libxml2,libafl,4.0,8129.6,7548,8725,10
libxml2,libafl,4.5,8129.6,7548,8725,10
libxml2,libafl,5.0,8270.9,7692,8793,10
libxml2,libafl,5.5,8270.9,7692,8793,10
libxml2,libafl,6.0,8586.3,7992,9061,10
libxml2,libafl,6.5,8586.3,7992,9061,10
libxml2,libafl,7.0,8648.2,8022,9067,10
libxml2,libafl,7.5,8648.2,8022,9067,10
libxml2,libafl,8.0,8729.3,8087,9207,10
libxml2,libafl,8.5,8729.3,8087,9207,10
libxml2,libafl,9.0,8802.5,8147,9238,10
libxml2,libafl,9.5,8802.5,8147,9238,10
libxml2,libafl,10.0,8844.1,8269,9239,10
libxml2,libafl,10.5,8844.1,8269,9239,10
libxml2,libafl,11.0,8884.6,8310,9276,10
libxml2,libafl,11.5,8884.6,8310,9276,10
libxml2,libafl,12.0,8954.1,8339,9296,10
libxml2,libafl,12.5,8954.1,8339,9296,10
libxml2,libafl,13.0,8982.7,8350,9315,10
libxml2,libafl,13.5,8982.7,8350,9315,10
libxml2,libafl,14.0,9008.5,8370,9348,10
libxml2,libafl,14.5,9008.5,8370,9348,10
libxml2,libafl,15.0,9045.9,8493,9390,10
libxml2,libafl,15.5,9045.9,8493,9390,10
libxml2,libafl,16.0,9071.5,8518,9440,10
libxml2,libafl,16.5,9071.5,8518,9440,10
libxml2,libafl,17.0,9096.8,8555,9460,10
libxml2,libafl,17.5,9096.8,8555,9460,10
libxml2,libafl,18.0,9114.7,8576,9466,10
libxml2,libafl,18.5,9114.7,8576,9466,10
libxml2,libafl,19.0,9170.1,8596,9473,10
libxml2,libafl,19.5,9170.1,8596,9473,10
libxml2,libafl,20.0,9198.3,8636,9488,10
libxml2,libafl,20.5,9198.3,8636,9488,10
libxml2,libafl,21.0,9210.7,8638,9499,10
libxml2,libafl,21.5,9210.7,8638,9499,10
libxml2,libafl,22.0,9220.2,8643,9500,10
libxml2,libafl,22.5,9220.2,8643,9500,10
libxml2,libafl,23.0,9248.8,8646,9588,10
libxml2,libafl,23.5,9248.8,8646,9588,10
libxml2,libafl,24.0,9255.5,8649,9610,10
openthread,aflplusplus,0.0,0.0,0,0,10
openthread,aflplusplus,0.5,0.0,0,0,10
openthread,aflplusplus,1.0,2877.9,2678,3047,10
openthread,aflplusplus,1.5,2877.9,2678,3047,10
openthread,aflplusplus,2.0,2934.5,2833,3051,10
openthread,aflplusplus,2.5,2934.5,2833,3051,10
openthread,aflplusplus,3.0,2959.2,2859,3071,10
openthread,aflplusplus,3.5,2959.2,2859,3071,10
openthread,aflplusplus,4.0,2969.2,2898,3071,10
openthread,aflplusplus,4.5,2969.2,2898,3071,10
openthread,aflplusplus,5.0,2975.7,2903,3071,10
openthread,aflplusplus,5.5,2975.7,2903,3071,10
openthread,aflplusplus,6.0,2983.3,2928,3073,10
openthread,aflplusplus,6.5,2983.3,2928,3073,10
openthread,aflplusplus,7.0,2987.2,2932,3073,10
openthread,aflplusplus,7.5,2987.2,2932,3073,10
openthread,aflplusplus,8.0,2990.2,2932,3073,10
openthread,aflplusplus,8.5,2990.2,2932,3073,10
openthread,aflplusplus,9.0,2994.0,2953,3073,10
openthread,aflplusplus,9.5,2994.0,2953,3073,10
openthread,aflplusplus,10.0,2996.0,2955,3073,10
openthread,aflplusplus,10.5,2996.0,2955,3073,10
openthread,aflplusplus,11.0,3000.3,2956,3073,10
openthread,aflplusplus,11.5,3000.3,2956,3073,10
openthread,aflplusplus,12.0,3001.8,2956,3073,10
openthread,aflplusplus,12.5,3001.8,2956,3073,10
openthread,aflplusplus,13.0,3003.3,2961,3073,10
openthread,aflplusplus,13.5,3003.3,2961,3073,10
openthread,aflplusplus,14.0,3006.1,2962,3073,10
openthread,aflplusplus,14.5,3006.1,2962,3073,10
openthread,aflplusplus,15.0,3009.6,2963,3073,10
openthread,aflplusplus,15.5,3009.6,2963,3073,10
openthread,aflplusplus,16.0,3010.6,2969,3073,10
openthread,aflplusplus,16.5,3010.6,2969,3073,10
openthread,aflplusplus,17.0,3011.0,2969,3073,10
openthread,aflplusplus,17.5,3011.0,2969,3073,10
openthread,aflplusplus,18.0,3011.9,2969,3073,10
openthread,aflplusplus,18.5,3011.9,2969,3073,10
openthread,aflplusplus,19.0,3013.8,2979,3073,10
openthread,aflplusplus,19.5,3013.8,2979,3073,10
openthread,aflplusplus,20.0,3014.3,2980,3074,10
openthread,aflplusplus,20.5,3014.3,2980,3074,10
openthread,aflplusplus,21.0,3014.6,2981,3074,10
openthread,aflplusplus,21.5,3014.6,2981,3074,10
openthread,aflplusplus,22.0,3015.9,2982,3074,10
openthread,aflplusplus,22.5,3015.9,2982,3074,10
openthread,aflplusplus,23.0,3015.9,2982,3074,10
openthread,aflplusplus,23.5,3015.9,2982,3074,10
openthread,aflplusplus,24.0,3017.9,2990,3074,10
openthread,honggfuzz,0.0,0.0,0,0,10
openthread,honggfuzz,0.5,0.0,0,0,10
openthread,honggfuzz,1.0,2699.1,2463,2822,10
openthread,honggfuzz,1.5,2699.1,2463,2822,10
openthread,honggfuzz,2.0,2824.6,2659,2945,10
openthread,honggfuzz,2.5,2824.6,2659,2945,10
openthread,honggfuzz,3.0,2845.7,2809,2945,10
openthread,honggfuzz,3.5,2845.7,2809,2945,10
openthread,honggfuzz,4.0,2855.1,2820,2947,10
openthread,honggfuzz,4.5,2855.1,2820,2947,10
openthread,honggfuzz,5.0,2861.4,2834,2947,10
openthread,honggfuzz,5.5,2861.4,2834,2947,10
openthread,honggfuzz,6.0,2865.2,2834,2947,10
openthread,honggfuzz,6.5,2865.2,2834,2947,10
openthread,honggfuzz,7.0,2873.6,2834,2947,10
openthread,honggfuzz,7.5,2873.6,2834,2947,10
openthread,honggfuzz,8.0,2875.5,2834,2962,10
openthread,honggfuzz,8.5,2875.5,2834,2962,10
openthread,honggfuzz,9.0,2876.6,2834,2962,10
openthread,honggfuzz,9.5,2876.6,2834,2962,10
openthread,honggfuzz,10.0,2877.2,2834,2967,10
openthread,honggfuzz,10.5,2877.2,2834,2967,10
openthread,honggfuzz,11.0,2879.5,2834,2990,10
openthread,honggfuzz,11.5,2879.5,2834,2990,10
openthread,honggfuzz,12.0,2879.7,2834,2990,10
openthread,honggfuzz,12.5,2879.7,2834,2990,10
openthread,honggfuzz,13.0,2880.1,2834,2990,10
openthread,honggfuzz,13.5,2880.1,2834,2990,10
openthread,honggfuzz,14.0,2880.5,2834,2990,10
openthread,honggfuzz,14.5,2880.5,2834,2990,10
openthread,honggfuzz,15.0,2881.7,2834,2990,10
openthread,honggfuzz,15.5,2881.7,2834,2990,10
openthread,honggfuzz,16.0,2882.5,2834,2993,10
openthread,honggfuzz,16.5,2882.5,2834,2993,10
openthread,honggfuzz,17.0,2882.5,2834,2993,10
openthread,honggfuzz,17.5,2882.5,2834,2993,10
openthread,honggfuzz,18.0,2883.0,2834,2993,10
openthread,honggfuzz,18.5,2883.0,2834,2993,10
openthread,honggfuzz,19.0,2883.2,2834,2993,10
openthread,honggfuzz,19.5,2883.2,2834,2993,10
openthread,honggfuzz,20.0,2883.4,2834,2993,10
openthread,honggfuzz,20.5,2883.4,2834,2993,10
openthread,honggfuzz,21.0,2883.7,2834,2993,10
openthread,honggfuzz,21.5,2883.7,2834,2993,10
openthread,honggfuzz,22.0,2884.4,2834,2993,10
openthread,honggfuzz,22.5,2884.4,2834,2993,10
openthread,honggfuzz,23.0,2884.5,2834,2993,10
openthread,honggfuzz,23.5,2884.5,2834,2993,10
openthread,honggfuzz,24.0,2886.0,2834,2994,10
openthread,libfuzzer,0.0,0.0,0,0,10
openthread,libfuzzer,0.5,0.0,0,0,10
openthread,libfuzzer,1.0,2843.9,2571,3008,10
openthread,libfuzzer,1.5,2843.9,2571,3008,10
openthread,libfuzzer,2.0,2964.7,2918,3021,10
openthread,libfuzzer,2.5,2964.7,2918,3021,10
openthread,libfuzzer,3.0,2999.7,2964,3034,10
openthread,libfuzzer,3.5,2999.7,2964,3034,10
openthread,libfuzzer,4.0,3015.7,2982,3034,10
openthread,libfuzzer,4.5,3015.7,2982,3034,10
openthread,libfuzzer,5.0,3021.9,2995,3048,10
openthread,libfuzzer,5.5,3021.9,2995,3048,10
openthread,libfuzzer,6.0,3024.4,2996,3049,10
openthread,libfuzzer,6.5,3024.4,2996,3049,10
openthread,libfuzzer,7.0,3025.2,2996,3049,10
openthread,libfuzzer,7.5,3025.2,2996,3049,10
openthread,libfuzzer,8.0,3031.9,2996,3063,10
openthread,libfuzzer,8.5,3031.9,2996,3063,10
openthread,libfuzzer,9.0,3033.0,2996,3065,10
openthread,libfuzzer,9.5,3033.0,2996,3065,10
openthread,libfuzzer,10.0,3033.4,2996,3066,10
openthread,libfuzzer,10.5,3033.4,2996,3066,10
openthread,libfuzzer,11.0,3036.1,2996,3066,10
openthread,libfuzzer,11.5,3036.1,2996,3066,10
openthread,libfuzzer,12.0,3038.9,2998,3066,10
openthread,libfuzzer,12.5,3038.9,2998,3066,10
openthread,libfuzzer,13.0,3039.0,2998,3066,10
openthread,libfuzzer,13.5,3039.0,2998,3066,10
openthread,libfuzzer,14.0,3043.8,2998,3082,10
openthread,libfuzzer,14.5,3043.8,2998,3082,10
openthread,libfuzzer,15.0,3045.6,2999,3082,10
openthread,libfuzzer,15.5,3045.6,2999,3082,10
openthread,libfuzzer,16.0,3045.7,2999,3082,10
openthread,libfuzzer,16.5,3045.7,2999,3082,10
openthread,libfuzzer,17.0,3047.8,3001,3082,10
openthread,libfuzzer,17.5,3047.8,3001,3082,10
openthread,libfuzzer,18.0,3050.5,3001,3082,10
openthread,libfuzzer,18.5,3050.5,3001,3082,10
openthread,libfuzzer,19.0,3055.0,3003,3082,10
openthread,libfuzzer,19.5,3055.0,3003,3082,10
openthread,libfuzzer,20.0,3058.7,3003,3088,10
openthread,libfuzzer,20.5,3058.7,3003,3088,10
openthread,libfuzzer,21.0,3059.8,3003,3089,10
openthread,libfuzzer,21.5,3059.8,3003,3089,10
openthread,libfuzzer,22.0,3059.8,3003,3089,10
openthread,libfuzzer,22.5,3059.8,3003,3089,10
openthread,libfuzzer,23.0,3061.3,3004,3089,10
openthread,libfuzzer,23.5,3061.3,3004,3089,10
openthread,libfuzzer,24.0,3062.7,3004,3090,10
openthread,libafl,0.0,0.0,0,0,10
openthread,libafl,0.5,0.0,0,0,10
openthread,libafl,1.0,2845.6,2661,2927,10
openthread,libafl,1.5,2845.6,2661,2927,10
openthread,libafl,2.0,2938.3,2835,2976,10
openthread,libafl,2.5,2938.3,2835,2976,10
openthread,libafl,3.0,2978.7,2936,3005,10
openthread,libafl,3.5,2978.7,2936,3005,10
openthread,libafl,4.0,3001.5,2957,3030,10
openthread,libafl,4.5,3001.5,2957,3030,10
openthread,libafl,5.0,3014.2,2963,3036,10
openthread,libafl,5.5,3014.2,2963,3036,10
openthread,libafl,6.0,3023.5,3013,3036,10
openthread,libafl,6.5,3023.5,3013,3036,10
openthread,libafl,7.0,3025.9,3014,3041,10
openthread,libafl,7.5,3025.9,3014,3041,10
openthread,libafl,8.0,3027.6,3014,3047,10
openthread,libafl,8.5,3027.6,3014,3047,10
openthread,libafl,9.0,3031.0,3014,3056,10
openthread,libafl,9.5,3031.0,3014,3056,10
openthread,libafl,10.0,3036.4,3016,3060,10
openthread,libafl,10.5,3036.4,3016,3060,10
openthread,libafl,11.0,3038.1,3020,3060,10
openthread,libafl,11.5,3038.1,3020,3060,10
openthread,libafl,12.0,3041.4,3021,3062,10
openthread,libafl,12.5,3041.4,3021,3062,10
openthread,libafl,13.0,3042.0,3021,3062,10
openthread,libafl,13.5,3042.0,3021,3062,10
openthread,libafl,14.0,3042.2,3021,3062,10
openthread,libafl,14.5,3042.2,3021,3062,10
openthread,libafl,15.0,3044.7,3023,3077,10
openthread,libafl,15.5,3044.7,3023,3077,10
openthread,libafl,16.0,3046.4,3023,3077,10
openthread,libafl,16.5,3046.4,3023,3077,10
openthread,libafl,17.0,3046.7,3023,3077,10
openthread,libafl,17.5,3046.7,3023,3077,10
openthread,libafl,18.0,3047.1,3023,3077,10
openthread,libafl,18.5,3047.1,3023,3077,10
openthread,libafl,19.0,3047.5,3023,3077,10
openthread,libafl,19.5,3047.5,3023,3077,10
openthread,libafl,20.0,3049.2,3023,3077,10
openthread,libafl,20.5,3049.2,3023,3077,10
openthread,libafl,21.0,3049.4,3023,3077,10
openthread,libafl,21.5,3049.4,3023,3077,10
openthread,libafl,22.0,3049.6,3023,3077,10
openthread,libafl,22.5,3049.6,3023,3077,10
openthread,libafl,23.0,3050.1,3024,3077,10
openthread,libafl,23.5,3050.1,3024,3077,10
openthread,libafl,24.0,3050.6,3024,3077,10
sqlite3,aflplusplus,0.0,0.0,0,0,10
sqlite3,aflplusplus,0.5,0.0,0,0,10
sqlite3,aflplusplus,1.0,7752.5,6788,8824,10
sqlite3,aflplusplus,1.5,7752.5,6788,8824,10
sqlite3,aflplusplus,2.0,8679.2,8252,9153,10
sqlite3,aflplusplus,2.5,8679.2,8252,9153,10
sqlite3,aflplusplus,3.0,9396.9,8733,9928,10
sqlite3,aflplusplus,3.5,9396.9,8733,9928,10
sqlite3,aflplusplus,4.0,9882.8,9157,10497,10
sqlite3,aflplusplus,4.5,9882.8,9157,10497,10
sqlite3,aflplusplus,5.0,10230.2,9601,10678,10
sqlite3,aflplusplus,5.5,10230.2,9601,10678,10
sqlite3,aflplusplus,6.0,10466.2,10017,10825,10
sqlite3,aflplusplus,6.5,10466.2,10017,10825,10
sqlite3,aflplusplus,7.0,10612.7,10306,10911,10
sqlite3,aflplusplus,7.5,10612.7,10306,10911,10
sqlite3,aflplusplus,8.0,10716.6,10375,10973,10
sqlite3,aflplusplus,8.5,10716.6,10375,10973,10
sqlite3,aflplusplus,9.0,10831.7,10418,11068,10
sqlite3,aflplusplus,9.5,10831.7,10418,11068,10
sqlite3,aflplusplus,10.0,10928.4,10682,11110,10
sqlite3,aflplusplus,10.5,10928.4,10682,11110,10
sqlite3,aflplusplus,11.0,11002.6,10726,11197,10
sqlite3,aflplusplus,11.5,11002.6,10726,11197,10
sqlite3,aflplusplus,12.0,11054.9,10801,11252,10
sqlite3,aflplusplus,12.5,11054.9,10801,11252,10
sqlite3,aflplusplus,13.0,11132.4,10830,11409,10
sqlite3,aflplusplus,13.5,11132.4,10830,11409,10
sqlite3,aflplusplus,14.0,11220.5,10894,11460,10
sqlite3,aflplusplus,14.5,11220.5,10894,11460,10
sqlite3,aflplusplus,15.0,11262.9,10902,11580,10
sqlite3,aflplusplus,15.5,11262.9,10902,11580,10
sqlite3,aflplusplus,16.0,11287.1,10911,11619,10
sqlite3,aflplusplus,16.5,11287.1,10911,11619,10
sqlite3,aflplusplus,17.0,11333.2,10925,11683,10
sqlite3,aflplusplus,17.5,11333.2,10925,11683,10
sqlite3,aflplusplus,18.0,11379.1,10938,11692,10
sqlite3,aflplusplus,18.5,11379.1,10938,11692,10
sqlite3,aflplusplus,19.0,11422.5,10950,11830,10
sqlite3,aflplusplus,19.5,11422.5,10950,11830,10
sqlite3,aflplusplus,20.0,11476.2,10981,11893,10
sqlite3,aflplusplus,20.5,11476.2,10981,11893,10
sqlite3,aflplusplus,21.0,11498.7,11057,11911,10
sqlite3,aflplusplus,21.5,11498.7,11057,11911,10
sqlite3,aflplusplus,22.0,11544.5,11085,11977,10
sqlite3,aflplusplus,22.5,11544.5,11085,11977,10
sqlite3,aflplusplus,23.0,11603.8,11104,12231,10
sqlite3,aflplusplus,23.5,11603.8,11104,12231,10
sqlite3,aflplusplus,24.0,11634.3,11119,12266,10
sqlite3,honggfuzz,0.0,0.0,0,0,10
sqlite3,honggfuzz,0.5,0.0,0,0,10
sqlite3,honggfuzz,1.0,7243.2,5337,8636,10
sqlite3,honggfuzz,1.5,7243.2,5337,8636,10
sqlite3,honggfuzz,2.0,8712.0,7598,9620,10
sqlite3,honggfuzz,2.5,8712.0,7598,9620,10
sqlite3,honggfuzz,3.0,9137.1,7732,9803,10
sqlite3,honggfuzz,3.5,9137.1,7732,9803,10
sqlite3,honggfuzz,4.0,9519.3,9035,10177,10
sqlite3,honggfuzz,4.5,9519.3,9035,10177,10
sqlite3,honggfuzz,5.0,9693.1,9336,10407,10
sqlite3,honggfuzz,5.5,9693.1,9336,10407,10
sqlite3,honggfuzz,6.0,9873.9,9358,10523,10
sqlite3,honggfuzz,6.5,9873.9,9358,10523,10
sqlite3,honggfuzz,7.0,9977.1,9367,10576,10
sqlite3,honggfuzz,7.5,9977.1,9367,10576,10
sqlite3,honggfuzz,8.0,10175.7,9625,10919,10
sqlite3,honggfuzz,8.5,10175.7,9625,10919,10
sqlite3,honggfuzz,9.0,10305.4,9636,11051,10
sqlite3,honggfuzz,9.5,10305.4,9636,11051,10
sqlite3,honggfuzz,10.0,10392.0,9768,11238,10
sqlite3,honggfuzz,10.5,10392.0,9768,11238,10
sqlite3,honggfuzz,11.0,10492.0,9877,11294,10
sqlite3,honggfuzz,11.5,10492.0,9877,11294,10
sqlite3,honggfuzz,12.0,10606.2,10096,11357,10
sqlite3,honggfuzz,12.5,10606.2,10096,11357,10
sqlite3,honggfuzz,13.0,10694.7,10115,11422,10
sqlite3,honggfuzz,13.5,10694.7,10115,11422,10
sqlite3,honggfuzz,14.0,10779.2,10343,11458,10
sqlite3,honggfuzz,14.5,10779.2,10343,11458,10
sqlite3,honggfuzz,15.0,10892.7,10498,11509,10
sqlite3,honggfuzz,15.5,10892.7,10498,11509,10
sqlite3,honggfuzz,16.0,10957.2,10571,11576,10
sqlite3,honggfuzz,16.5,10957.2,10571,11576,10
sqlite3,honggfuzz,17.0,11003.3,10599,11601,10
sqlite3,honggfuzz,17.5,11003.3,10599,11601,10
sqlite3,honggfuzz,18.0,11054.3,10617,11625,10
sqlite3,honggfuzz,18.5,11054.3,10617,11625,10
sqlite3,honggfuzz,19.0,11094.1,10628,11667,10
sqlite3,honggfuzz,19.5,11094.1,10628,11667,10
sqlite3,honggfuzz,20.0,11151.4,10647,11676,10
sqlite3,honggfuzz,20.5,11151.4,10647,11676,10
sqlite3,honggfuzz,21.0,11176.4,10651,11695,10
sqlite3,honggfuzz,21.5,11176.4,10651,11695,10
sqlite3,honggfuzz,22.0,11197.7,10655,11708,10
sqlite3,honggfuzz,22.5,11197.7,10655,11708,10
sqlite3,honggfuzz,23.0,11241.0,10699,11732,10
sqlite3,honggfuzz,23.5,11241.0,10699,11732,10
sqlite3,honggfuzz,24.0,11297.1,10889,11736,10
sqlite3,libfuzzer,0.0,0.0,0,0,10
sqlite3,libfuzzer,0.5,0.0,0,0,10
sqlite3,libfuzzer,1.0,7705.8,6386,8174,10
sqlite3,libfuzzer,1.5,7705.8,6386,8174,10
sqlite3,libfuzzer,2.0,8475.3,8179,8864,10
sqlite3,libfuzzer,2.5,8475.3,8179,8864,10
sqlite3,libfuzzer,3.0,8852.0,8505,9139,10
sqlite3,libfuzzer,3.5,8852.0,8505,9139,10
sqlite3,libfuzzer,4.0,8948.8,8506,9213,10
sqlite3,libfuzzer,4.5,8948.8,8506,9213,10
sqlite3,libfuzzer,5.0,9367.8,9058,9595,10
sqlite3,libfuzzer,5.5,9367.8,9058,9595,10
sqlite3,libfuzzer,6.0,9658.5,9385,9887,10
sqlite3,libfuzzer,6.5,9658.5,9385,9887,10
sqlite3,libfuzzer,7.0,9844.1,9589,10109,10
sqlite3,libfuzzer,7.5,9844.1,9589,10109,10
sqlite3,libfuzzer,8.0,10023.5,9838,10258,10
sqlite3,libfuzzer,8.5,10023.5,9838,10258,10
sqlite3,libfuzzer,9.0,10176.9,9977,10437,10
sqlite3,libfuzzer,9.5,10176.9,9977,10437,10
sqlite3,libfuzzer,10.0,10286.5,10022,10514,10
sqlite3,libfuzzer,10.5,10286.5,10022,10514,10
sqlite3,libfuzzer,11.0,10420.1,10112,10796,10
sqlite3,libfuzzer,11.5,10420.1,10112,10796,10
sqlite3,libfuzzer,12.0,10514.8,10169,10922,10
sqlite3,libfuzzer,12.5,10514.8,10169,10922,10
sqlite3,libfuzzer,13.0,10601.8,10237,11023,10
sqlite3,libfuzzer,13.5,10601.8,10237,11023,10
sqlite3,libfuzzer,14.0,10679.1,10331,11066,10
sqlite3,libfuzzer,14.5,10679.1,10331,11066,10
sqlite3,libfuzzer,15.0,10754.4,10366,11144,10
sqlite3,libfuzzer,15.5,10754.4,10366,11144,10
sqlite3,libfuzzer,16.0,10867.6,10404,11244,10
sqlite3,libfuzzer,16.5,10867.6,10404,11244,10
sqlite3,libfuzzer,17.0,10949.9,10448,11404,10
sqlite3,libfuzzer,17.5,10949.9,10448,11404,10
sqlite3,libfuzzer,18.0,11049.6,10484,11411,10
sqlite3,libfuzzer,18.5,11049.6,10484,11411,10
sqlite3,libfuzzer,19.0,11113.8,10532,11640,10
sqlite3,libfuzzer,19.5,11113.8,10532,11640,10
sqlite3,libfuzzer,20.0,11193.7,10560,11678,10
sqlite3,libfuzzer,20.5,11193.7,10560,11678,10
sqlite3,libfuzzer,21.0,11247.7,10606,11741,10
sqlite3,libfuzzer,21.5,11247.7,10606,11741,10
sqlite3,libfuzzer,22.0,11295.5,10627,11783,10
sqlite3,libfuzzer,22.5,11295.5,10627,11783,10
sqlite3,libfuzzer,23.0,11335.7,10666,11810,10
sqlite3,libfuzzer,23.5,11335.7,10666,11810,10
sqlite3,libfuzzer,24.0,11385.2,10879,11851,10
sqlite3,libafl,0.0,0.0,0,0,10
sqlite3,libafl,0.5,0.0,0,0,10
sqlite3,libafl,1.0,2129.7,1819,4683,10
sqlite3,libafl,1.5,2129.7,1819,4683,10
sqlite3,libafl,2.0,2225.9,1822,4694,10
sqlite3,libafl,2.5,2225.9,1822,4694,10
sqlite3,libafl,3.0,3721.9,1847,4850,10
sqlite3,libafl,3.5,3721.9,1847,4850,10
sqlite3,libafl,4.0,4260.3,1875,4856,10
sqlite3,libafl,4.5,4260.3,1875,4856,10
sqlite3,libafl,5.0,4391.4,2528,5012,10
sqlite3,libafl,5.5,4391.4,2528,5012,10
sqlite3,libafl,6.0,4519.6,2532,5153,10
sqlite3,libafl,6.5,4519.6,2532,5153,10
sqlite3,libafl,7.0,4521.0,2538,5153,10
sqlite3,libafl,7.5,4521.0,2538,5153,10
sqlite3,libafl,8.0,4584.8,2538,5212,10
sqlite3,libafl,8.5,4584.8,2538,5212,10
sqlite3,libafl,9.0,4585.7,2541,5212,10
sqlite3,libafl,9.5,4585.7,2541,5212,10
sqlite3,libafl,10.0,4589.0,2541,5212,10
sqlite3,libafl,10.5,4589.0,2541,5212,10
sqlite3,libafl,11.0,4589.7,2541,5213,10
sqlite3,libafl,11.5,4589.7,2541,5213,10
sqlite3,libafl,12.0,4627.9,2690,5225,10
sqlite3,libafl,12.5,4627.9,2690,5225,10
sqlite3,libafl,13.0,4627.9,2690,5225,10
sqlite3,libafl,13.5,4627.9,2690,5225,10
sqlite3,libafl,14.0,4628.1,2690,5227,10
sqlite3,libafl,14.5,4628.1,2690,5227,10
sqlite3,libafl,15.0,4631.1,2691,5227,10
sqlite3,libafl,15.5,4631.1,2691,5227,10
sqlite3,libafl,16.0,4650.0,2691,5235,10
sqlite3,libafl,16.5,4650.0,2691,5235,10
sqlite3,libafl,17.0,4650.5,2691,5235,10
sqlite3,libafl,17.5,4650.5,2691,5235,10
sqlite3,libafl,18.0,4655.6,2691,5235,10
sqlite3,libafl,18.5,4655.6,2691,5235,10
sqlite3,libafl,19.0,4669.4,2691,5235,10
sqlite3,libafl,19.5,4669.4,2691,5235,10
sqlite3,libafl,20.0,4669.4,2691,5235,10
sqlite3,libafl,20.5,4669.4,2691,5235,10
sqlite3,libafl,21.0,4887.9,3292,5235,10
sqlite3,libafl,21.5,4887.9,3292,5235,10
sqlite3,libafl,22.0,4887.9,3292,5235,10
sqlite3,libafl,22.5,4887.9,3292,5235,10
sqlite3,libafl,23.0,4893.0,3292,5235,10
sqlite3,libafl,23.5,4893.0,3292,5235,10
sqlite3,libafl,24.0,4893.0,3292,5235,10
