target,branch_id,file,function,line,col,side,source_line,n_decisive_pairs,decisive_pairs,involved_fuzzers,naive_resolved,naive_blocked,naive_unreached,cmplog_resolved,cmplog_blocked,cmplog_unreached,value_profile_resolved,value_profile_blocked,value_profile_unreached,value_profile_cmplog_resolved,value_profile_cmplog_blocked,value_profile_cmplog_unreached,naive_ctx_resolved,naive_ctx_blocked,naive_ctx_unreached,naive_ngram4_resolved,naive_ngram4_blocked,naive_ngram4_unreached,mopt_resolved,mopt_blocked,mopt_unreached,minimizer_resolved,minimizer_blocked,minimizer_unreached,fast_resolved,fast_blocked,fast_unreached,grimoire_resolved,grimoire_blocked,grimoire_unreached,max_prob_div,max_dur_div,max_hit_div,shape,region_id,group_size
libxml2,6405,/src/libxml2/hash.c,xmlHashAddEntry3,580,10,F,	    if ((insert->name == name) &&,3,"[{""A"":""cmplog"",""B"":""naive"",""delta"":""I2S"",""direction"":""A>B"",""winner"":""cmplog"",""loser"":""naive"",""winner_resolved"":8,""loser_blocked"":8,""prob_div"":0.6,""dur_div"":11.5,""hit_div"":1.4},{""A"":""value_profile"",""B"":""naive"",""delta"":""value_profile"",""direction"":""A>B"",""winner"":""value_profile"",""loser"":""naive"",""winner_resolved"":9,""loser_blocked"":8,""prob_div"":0.7,""dur_div"":12.3,""hit_div"":1.6},{""A"":""naive_ctx"",""B"":""naive"",""delta"":""ctx_coverage"",""direction"":""A>B"",""winner"":""naive_ctx"",""loser"":""naive"",""winner_resolved"":9,""loser_blocked"":8,""prob_div"":0.8,""dur_div"":9.79,""hit_div"":2.0}]","[""cmplog"", ""naive"", ""naive_ctx"", ""value_profile""]",2,8,0,8,2,0,9,1,0,9,1,0,9,0,1,1,9,0,1,7,2,6,4,0,3,4,3,9,1,0,0.8,12.3,2.0,BRR-R-----,/src/libxml2/hash.c::xmlHashAddEntry3::L550-599,1
libxml2,6690,/src/libxml2/parser.c,xmlParseEntityRef,7658,6,T,	if ((ctxt->wellFormed == 1 ) && (ent == NULL) &&,3,"[{""A"":""cmplog"",""B"":""naive"",""delta"":""I2S"",""direction"":""A>B"",""winner"":""cmplog"",""loser"":""naive"",""winner_resolved"":10,""loser_blocked"":8,""prob_div"":0.8,""dur_div"":13.1,""hit_div"":46.8},{""A"":""value_profile"",""B"":""naive"",""delta"":""value_profile"",""direction"":""A>B"",""winner"":""value_profile"",""loser"":""naive"",""winner_resolved"":9,""loser_blocked"":8,""prob_div"":0.7,""dur_div"":10.3,""hit_div"":7.5},{""A"":""minimizer"",""B"":""naive"",""delta"":""calibrated_energy"",""direction"":""A>B"",""winner"":""minimizer"",""loser"":""naive"",""winner_resolved"":8,""loser_blocked"":8,""prob_div"":0.6,""dur_div"":12.7,""hit_div"":48.3}]","[""cmplog"", ""minimizer"", ""naive"", ""value_profile""]",2,8,0,10,0,0,9,1,0,8,2,0,0,9,1,3,7,0,2,8,0,8,2,0,4,6,0,,,,0.8,13.1,48.3,BRR----R--,/src/libxml2/parser.c::xmlParseEntityRef::L7650-7699,2
libxml2,6325,/src/libxml2/encoding.c,encoding.c:UTF16LEToUTF8,533,13,T,        if ((c & 0xFC00) == 0xD800) {    /* surrogates */,2,"[{""A"":""value_profile"",""B"":""naive"",""delta"":""value_profile"",""direction"":""A>B"",""winner"":""value_profile"",""loser"":""naive"",""winner_resolved"":9,""loser_blocked"":8,""prob_div"":0.7889,""dur_div"":10.24,""hit_div"":92.7},{""A"":""naive_ngram4"",""B"":""naive"",""delta"":""ngram_coverage"",""direction"":""A>B"",""winner"":""naive_ngram4"",""loser"":""naive"",""winner_resolved"":10,""loser_blocked"":8,""prob_div"":0.8889,""dur_div"":9.34,""hit_div"":46.4}]","[""naive"", ""naive_ngram4"", ""value_profile""]",1,8,1,4,6,0,9,1,0,7,3,0,1,6,3,10,0,0,7,3,0,5,5,0,7,3,0,3,7,0,0.8889,10.24,92.7,B-R--R----,/src/libxml2/encoding.c::encoding.c:UTF16LEToUTF8::L500-549,1
libxml2,6381,/src/libxml2/entities.c,xmlGetPredefinedEntity,299,9,T,        case 'l':,2,"[{""A"":""cmplog"",""B"":""naive"",""delta"":""I2S"",""direction"":""A>B"",""winner"":""cmplog"",""loser"":""naive"",""winner_resolved"":8,""loser_blocked"":9,""prob_div"":0.7,""dur_div"":7.2,""hit_div"":357.1},{""A"":""value_profile_cmplog"",""B"":""value_profile"",""delta"":""I2S"",""direction"":""A>B"",""winner"":""value_profile_cmplog"",""loser"":""value_profile"",""winner_resolved"":9,""loser_blocked"":9,""prob_div"":0.8,""dur_div"":7.7,""hit_div"":199.6}]","[""cmplog"", ""naive"", ""value_profile"", ""value_profile_cmplog""]",1,9,0,8,2,0,1,9,0,9,1,0,2,7,1,3,7,0,0,10,0,3,7,0,3,7,0,10,0,0,0.8,7.7,357.1,BRBR------,/src/libxml2/entities.c::xmlGetPredefinedEntity::L250-299,1
libxml2,6467,/src/libxml2/parser.c,xmlParseCharRef,2353,10,T,	    if (count++ > 20) {,2,"[{""A"":""value_profile"",""B"":""naive"",""delta"":""value_profile"",""direction"":""A>B"",""winner"":""value_profile"",""loser"":""naive"",""winner_resolved"":9,""loser_blocked"":8,""prob_div"":0.7,""dur_div"":2.4,""hit_div"":6.9},{""A"":""naive_ctx"",""B"":""naive"",""delta"":""ctx_coverage"",""direction"":""A>B"",""winner"":""naive_ctx"",""loser"":""naive"",""winner_resolved"":10,""loser_blocked"":8,""prob_div"":0.8,""dur_div"":12.6,""hit_div"":56.7}]","[""naive"", ""naive_ctx"", ""value_profile""]",2,8,0,4,6,0,9,1,0,8,2,0,10,0,0,2,8,0,2,7,1,2,7,1,2,8,0,2,8,0,0.8,12.6,56.7,B-R-R-----,/src/libxml2/parser.c::xmlParseCharRef::L2350-2399,1
libxml2,6649,/src/libxml2/parser.c,parser.c:xmlParseElementChildrenContentDeclPriv,6461,10,T,	    if ((last != NULL) && (last != ret)),2,"[{""A"":""value_profile_cmplog"",""B"":""cmplog"",""delta"":""value_profile"",""direction"":""A>B"",""winner"":""value_profile_cmplog"",""loser"":""cmplog"",""winner_resolved"":10,""loser_blocked"":8,""prob_div"":0.8,""dur_div"":11.2,""hit_div"":5.6},{""A"":""grimoire"",""B"":""cmplog"",""delta"":""grimoire_structural"",""direction"":""A>B"",""winner"":""grimoire"",""loser"":""cmplog"",""winner_resolved"":8,""loser_blocked"":8,""prob_div"":0.6,""dur_div"":11.2,""hit_div"":11.6}]","[""cmplog"", ""grimoire"", ""value_profile_cmplog""]",2,8,0,2,8,0,7,3,0,10,0,0,7,3,0,0,10,0,0,10,0,1,9,0,2,8,0,8,2,0,0.8,11.2,11.6,-B-R-----R,/src/libxml2/parser.c::parser.c:xmlParseElementChildrenContentDeclPriv::L6450-6499,1
libxml2,7069,/src/libxml2/valid.c,xmlFreeDocElementContent,1125,13,F,        if (cur == parent->c1),2,"[{""A"":""value_profile_cmplog"",""B"":""cmplog"",""delta"":""value_profile"",""direction"":""A>B"",""winner"":""value_profile_cmplog"",""loser"":""cmplog"",""winner_resolved"":8,""loser_blocked"":9,""prob_div"":0.8,""dur_div"":8.91,""hit_div"":5.7},{""A"":""grimoire"",""B"":""cmplog"",""delta"":""grimoire_structural"",""direction"":""A>B"",""winner"":""grimoire"",""loser"":""cmplog"",""winner_resolved"":8,""loser_blocked"":9,""prob_div"":0.8,""dur_div"":6.41,""hit_div"":63.2}]","[""cmplog"", ""grimoire"", ""value_profile_cmplog""]",2,3,5,0,9,1,8,2,0,8,2,0,2,5,3,0,2,8,0,1,9,2,1,7,2,0,8,8,2,0,0.8,8.91,63.2,-B-R-----R,/src/libxml2/valid.c::xmlFreeDocElementContent::L1100-1149,2
libxml2,9361,/src/libxml2/parser.c,parser.c:xmlParseElementStart,10185,6,T,	if (nsNr != ctxt->nsNr),2,"[{""A"":""value_profile_cmplog"",""B"":""cmplog"",""delta"":""value_profile"",""direction"":""A>B"",""winner"":""value_profile_cmplog"",""loser"":""cmplog"",""winner_resolved"":8,""loser_blocked"":9,""prob_div"":0.8,""dur_div"":5.83,""hit_div"":0.9},{""A"":""value_profile_cmplog"",""B"":""value_profile"",""delta"":""I2S"",""direction"":""A>B"",""winner"":""value_profile_cmplog"",""loser"":""value_profile"",""winner_resolved"":8,""loser_blocked"":10,""prob_div"":0.8,""dur_div"":9.5,""hit_div"":0.9}]","[""cmplog"", ""value_profile"", ""value_profile_cmplog""]",,,,0,9,1,0,10,0,8,2,0,,,,,,,,,,,,,,,,,,,0.8,9.5,0.9,-BBR------,/src/libxml2/parser.c::parser.c:xmlParseElementStart::L10150-10199,1
libxml2,7296,/src/libxml2/xmlregexp.c,xmlregexp.c:xmlFAGenerateEpsilonTransition,1513,9,F,    if (to == NULL) {,2,"[{""A"":""value_profile_cmplog"",""B"":""cmplog"",""delta"":""value_profile"",""direction"":""A>B"",""winner"":""value_profile_cmplog"",""loser"":""cmplog"",""winner_resolved"":8,""loser_blocked"":9,""prob_div"":0.7,""dur_div"":9.2,""hit_div"":2.7},{""A"":""value_profile_cmplog"",""B"":""value_profile"",""delta"":""I2S"",""direction"":""A>B"",""winner"":""value_profile_cmplog"",""loser"":""value_profile"",""winner_resolved"":8,""loser_blocked"":9,""prob_div"":0.7,""dur_div"":8.0,""hit_div"":2.4}]","[""cmplog"", ""value_profile"", ""value_profile_cmplog""]",0,5,5,1,9,0,1,9,0,8,2,0,,,,,,,,,,,,,,,,1,9,0,0.7,9.2,2.7,-BBR------,/src/libxml2/xmlregexp.c::xmlregexp.c:xmlFAGenerateEpsilonTransition::L1500-1549,1
libxml2,7311,/src/libxml2/xmlregexp.c,xmlAutomataNewEpsilon,6340,9,F,    if (to == NULL),2,"[{""A"":""value_profile_cmplog"",""B"":""cmplog"",""delta"":""value_profile"",""direction"":""A>B"",""winner"":""value_profile_cmplog"",""loser"":""cmplog"",""winner_resolved"":8,""loser_blocked"":9,""prob_div"":0.7,""dur_div"":9.2,""hit_div"":2.7},{""A"":""value_profile_cmplog"",""B"":""value_profile"",""delta"":""I2S"",""direction"":""A>B"",""winner"":""value_profile_cmplog"",""loser"":""value_profile"",""winner_resolved"":8,""loser_blocked"":9,""prob_div"":0.7,""dur_div"":8.0,""hit_div"":2.4}]","[""cmplog"", ""value_profile"", ""value_profile_cmplog""]",0,5,5,1,9,0,1,9,0,8,2,0,,,,,,,,,,,,,,,,1,9,0,0.7,9.2,2.7,-BBR------,/src/libxml2/xmlregexp.c::xmlAutomataNewEpsilon::L6300-6349,1
libxml2,7326,/src/libxml2/xmlsave.c,xmlsave.c:xmlNodeDumpOutputInternal,988,9,T,        case XML_CDATA_SECTION_NODE:,2,"[{""A"":""value_profile_cmplog"",""B"":""cmplog"",""delta"":""value_profile"",""direction"":""A>B"",""winner"":""value_profile_cmplog"",""loser"":""cmplog"",""winner_resolved"":8,""loser_blocked"":9,""prob_div"":0.7,""dur_div"":7.3,""hit_div"":2.1},{""A"":""value_profile_cmplog"",""B"":""value_profile"",""delta"":""I2S"",""direction"":""A>B"",""winner"":""value_profile_cmplog"",""loser"":""value_profile"",""winner_resolved"":8,""loser_blocked"":8,""prob_div"":0.6,""dur_div"":8.2,""hit_div"":1.4}]","[""cmplog"", ""value_profile"", ""value_profile_cmplog""]",0,10,0,1,9,0,2,8,0,8,2,0,,,,,,,,,,1,9,0,0,10,0,1,9,0,0.7,8.2,2.1,-BBR------,/src/libxml2/xmlsave.c::xmlsave.c:xmlNodeDumpOutputInternal::L950-999,1
libxml2,7268,/src/libxml2/xmlreader.c,xmlTextReaderRead,1328,13,T,            (reader->node->type == XML_ELEMENT_NODE) &&,1,"[{""A"":""grimoire"",""B"":""cmplog"",""delta"":""grimoire_structural"",""direction"":""A>B"",""winner"":""grimoire"",""loser"":""cmplog"",""winner_resolved"":10,""loser_blocked"":10,""prob_div"":1.0,""dur_div"":18.4,""hit_div"":15.0}]","[""cmplog"", ""grimoire""]",1,9,0,0,10,0,6,4,0,3,7,0,1,9,0,0,10,0,0,10,0,0,10,0,,,,10,0,0,1.0,18.4,15.0,-B-------R,/src/libxml2/xmlreader.c::xmlTextReaderRead::L1300-1349,1
libxml2,6673,/src/libxml2/parser.c,xmlParseMarkupDecl,6966,10,T,	        case 'N':,1,"[{""A"":""value_profile_cmplog"",""B"":""cmplog"",""delta"":""value_profile"",""direction"":""A>B"",""winner"":""value_profile_cmplog"",""loser"":""cmplog"",""winner_resolved"":9,""loser_blocked"":10,""prob_div"":0.9,""dur_div"":13.0,""hit_div"":3.9}]","[""cmplog"", ""value_profile_cmplog""]",1,9,0,0,10,0,3,7,0,9,1,0,0,10,0,0,10,0,0,10,0,1,9,0,0,10,0,2,8,0,0.9,13.0,3.9,-B-R------,/src/libxml2/parser.c::xmlParseMarkupDecl::L6950-6999,1
libxml2,7352,/src/libxml2/SAX2.c,xmlSAX2ElementDecl,787,9,T,    if (ctxt->inSubset == 1),1,"[{""A"":""value_profile_cmplog"",""B"":""cmplog"",""delta"":""value_profile"",""direction"":""A>B"",""winner"":""value_profile_cmplog"",""loser"":""cmplog"",""winner_resolved"":9,""loser_blocked"":10,""prob_div"":0.9,""dur_div"":10.3,""hit_div"":4.0}]","[""cmplog"", ""value_profile_cmplog""]",0,10,0,0,10,0,4,6,0,9,1,0,7,3,0,,,,,,,1,9,0,0,10,0,1,9,0,0.9,10.3,4.0,-B-R------,/src/libxml2/SAX2.c::xmlSAX2ElementDecl::L750-799,1
libxml2,7451,/src/libxml2/SAX2.c,xmlSAX2StartElementNs,2332,10,T,	    if ((URI != NULL) && (prefix == pref)),1,"[{""A"":""value_profile_cmplog"",""B"":""cmplog"",""delta"":""value_profile"",""direction"":""A>B"",""winner"":""value_profile_cmplog"",""loser"":""cmplog"",""winner_resolved"":9,""loser_blocked"":10,""prob_div"":0.9,""dur_div"":13.5,""hit_div"":4.8}]","[""cmplog"", ""value_profile_cmplog""]",0,10,0,0,10,0,6,4,0,9,1,0,3,6,1,,,,,,,2,8,0,2,5,3,4,6,0,0.9,13.5,4.8,-B-R------,/src/libxml2/SAX2.c::xmlSAX2StartElementNs::L2300-2349,1
libxml2,7459,/src/libxml2/SAX2.c,xmlSAX2StartElementNs,2383,9,T,    if ((URI != NULL) && (ret->ns == NULL)) {,1,"[{""A"":""value_profile_cmplog"",""B"":""cmplog"",""delta"":""value_profile"",""direction"":""A>B"",""winner"":""value_profile_cmplog"",""loser"":""cmplog"",""winner_resolved"":9,""loser_blocked"":10,""prob_div"":0.9,""dur_div"":14.4,""hit_div"":8.3}]","[""cmplog"", ""value_profile_cmplog""]",0,10,0,0,10,0,7,3,0,9,1,0,3,7,0,1,9,0,2,8,0,5,5,0,3,7,0,5,5,0,0.9,14.4,8.3,-B-R------,/src/libxml2/SAX2.c::xmlSAX2StartElementNs::L2350-2399,1
libxml2,8556,/src/libxml2/xmlreader.c,xmlTextReaderRead,1371,2,T,	(reader->node->type == XML_ELEMENT_NODE) &&,1,"[{""A"":""grimoire"",""B"":""cmplog"",""delta"":""grimoire_structural"",""direction"":""A>B"",""winner"":""grimoire"",""loser"":""cmplog"",""winner_resolved"":9,""loser_blocked"":10,""prob_div"":0.9,""dur_div"":18.8,""hit_div"":4.5}]","[""cmplog"", ""grimoire""]",0,10,0,0,10,0,2,8,0,1,9,0,1,9,0,,,,,,,1,9,0,0,10,0,9,1,0,0.9,18.8,4.5,-B-------R,/src/libxml2/xmlreader.c::xmlTextReaderRead::L1350-1399,1
libxml2,12282,/src/libxml2/tree.c,xmlFreeNode,3893,9,F,        (cur->type != XML_COMMENT_NODE)),1,"[{""A"":""naive_ctx"",""B"":""naive"",""delta"":""ctx_coverage"",""direction"":""A>B"",""winner"":""naive_ctx"",""loser"":""naive"",""winner_resolved"":9,""loser_blocked"":10,""prob_div"":0.9,""dur_div"":7.1,""hit_div"":15.5}]","[""naive"", ""naive_ctx""]",0,10,0,,,,,,,,,,9,1,0,,,,,,,,,,,,,,,,0.9,7.1,15.5,B---R-----,/src/libxml2/tree.c::xmlFreeNode::L3850-3899,1
libxml2,6210,/src/libxml2/SAX2.c,SAX2.c:xmlSAX2AttributeInternal,1261,6,T,	if (val[0] == 0) {,1,"[{""A"":""grimoire"",""B"":""cmplog"",""delta"":""grimoire_structural"",""direction"":""A>B"",""winner"":""grimoire"",""loser"":""cmplog"",""winner_resolved"":10,""loser_blocked"":8,""prob_div"":0.8,""dur_div"":13.2,""hit_div"":18.7}]","[""cmplog"", ""grimoire""]",1,9,0,2,8,0,5,5,0,3,7,0,0,10,0,0,9,1,0,8,2,1,9,0,2,6,2,10,0,0,0.8,13.2,18.7,-B-------R,/src/libxml2/SAX2.c::SAX2.c:xmlSAX2AttributeInternal::L1250-1299,1
libxml2,6605,/src/libxml2/parser.c,xmlParsePITarget,5129,30,T,        ((name[1] == 'm') || (name[1] == 'M')) &&,1,"[{""A"":""naive_ctx"",""B"":""naive"",""delta"":""ctx_coverage"",""direction"":""B>A"",""winner"":""naive"",""loser"":""naive_ctx"",""winner_resolved"":8,""loser_blocked"":10,""prob_div"":0.8,""dur_div"":11.3,""hit_div"":5.8}]","[""naive"", ""naive_ctx""]",8,2,0,9,1,0,5,5,0,5,5,0,0,10,0,8,2,0,9,1,0,5,5,0,6,4,0,4,6,0,0.8,11.3,5.8,R---B-----,/src/libxml2/parser.c::xmlParsePITarget::L5100-5149,1
libxml2,6654,/src/libxml2/parser.c,parser.c:xmlParseElementChildrenContentDeclPriv,6513,26,T,    if ((cur != NULL) && (last != NULL)) {,1,"[{""A"":""value_profile_cmplog"",""B"":""cmplog"",""delta"":""value_profile"",""direction"":""A>B"",""winner"":""value_profile_cmplog"",""loser"":""cmplog"",""winner_resolved"":8,""loser_blocked"":10,""prob_div"":0.8,""dur_div"":12.7,""hit_div"":4.2}]","[""cmplog"", ""value_profile_cmplog""]",1,9,0,0,10,0,7,3,0,8,2,0,1,9,0,0,10,0,0,10,0,1,9,0,2,8,0,4,6,0,0.8,12.7,4.2,-B-R------,/src/libxml2/parser.c::parser.c:xmlParseElementChildrenContentDeclPriv::L6500-6549,1
libxml2,6726,/src/libxml2/parser.c,parser.c:xmlParseStartTag2,9422,13,T,        if ((attname == ctxt->str_xmlns) && (aprefix == NULL)) {,1,"[{""A"":""value_profile_cmplog"",""B"":""cmplog"",""delta"":""value_profile"",""direction"":""A>B"",""winner"":""value_profile_cmplog"",""loser"":""cmplog"",""winner_resolved"":8,""loser_blocked"":10,""prob_div"":0.8,""dur_div"":7.8,""hit_div"":4.8}]","[""cmplog"", ""value_profile_cmplog""]",1,9,0,0,10,0,7,3,0,8,2,0,1,9,0,0,10,0,0,10,0,1,9,0,1,9,0,3,7,0,0.8,7.8,4.8,-B-R------,/src/libxml2/parser.c::parser.c:xmlParseStartTag2::L9400-9449,1
libxml2,6740,/src/libxml2/parser.c,parser.c:xmlParseStartTag2,9633,7,T,		if ((attname == ctxt->str_xmlns) && (aprefix == NULL)) {,1,"[{""A"":""value_profile_cmplog"",""B"":""value_profile"",""delta"":""I2S"",""direction"":""A>B"",""winner"":""value_profile_cmplog"",""loser"":""value_profile"",""winner_resolved"":9,""loser_blocked"":9,""prob_div"":0.8,""dur_div"":15.0,""hit_div"":4.9}]","[""value_profile"", ""value_profile_cmplog""]",0,10,0,3,7,0,1,9,0,9,1,0,2,7,1,,,,,,,2,8,0,1,9,0,7,3,0,0.8,15.0,4.9,--BR------,/src/libxml2/parser.c::parser.c:xmlParseStartTag2::L9600-9649,1
libxml2,6809,/src/libxml2/parser.c,parser.c:xmlCheckCdataPush,11351,29,T,	    else if ((c == 0xA) || (c == 0xD) || (c == 0x9)),1,"[{""A"":""value_profile_cmplog"",""B"":""value_profile"",""delta"":""I2S"",""direction"":""A>B"",""winner"":""value_profile_cmplog"",""loser"":""value_profile"",""winner_resolved"":8,""loser_blocked"":8,""prob_div"":0.8,""dur_div"":12.07,""hit_div"":2.1}]","[""value_profile"", ""value_profile_cmplog""]",0,9,1,2,6,2,2,8,0,8,0,2,3,5,2,,,,,,,3,7,0,0,10,0,6,4,0,0.8,12.07,2.1,--BR------,/src/libxml2/parser.c::parser.c:xmlCheckCdataPush::L11350-11399,1
libxml2,6869,/src/libxml2/parserInternals.c,xmlParserInputGrow,309,9,T,    if (xmlBufUse(in->buf->buffer) > (unsigned int) indx + INPUT_CHUNK) {,1,"[{""A"":""grimoire"",""B"":""cmplog"",""delta"":""grimoire_structural"",""direction"":""B>A"",""winner"":""cmplog"",""loser"":""grimoire"",""winner_resolved"":9,""loser_blocked"":9,""prob_div"":0.8,""dur_div"":11.8,""hit_div"":10.1}]","[""cmplog"", ""grimoire""]",7,3,0,9,1,0,9,1,0,10,0,0,7,3,0,9,1,0,10,0,0,9,1,0,10,0,0,1,9,0,0.8,11.8,10.1,-R-------B,/src/libxml2/parserInternals.c::xmlParserInputGrow::L300-349,1
libxml2,6910,/src/libxml2/tree.c,xmlSplitQName3,334,9,T,    if (name[0] == ':'),1,"[{""A"":""value_profile_cmplog"",""B"":""value_profile"",""delta"":""I2S"",""direction"":""A>B"",""winner"":""value_profile_cmplog"",""loser"":""value_profile"",""winner_resolved"":10,""loser_blocked"":8,""prob_div"":0.8,""dur_div"":15.9,""hit_div"":25.1}]","[""value_profile"", ""value_profile_cmplog""]",4,6,0,9,1,0,2,8,0,10,0,0,8,2,0,0,10,0,0,10,0,4,6,0,2,8,0,10,0,0,0.8,15.9,25.1,--BR------,/src/libxml2/tree.c::xmlSplitQName3::L300-349,1
libxml2,6939,/src/libxml2/tree.c,xmlAddChild,3421,9,T,    if ((parent == NULL) || (parent->type == XML_NAMESPACE_DECL)) {,1,"[{""A"":""naive_ngram4"",""B"":""naive"",""delta"":""ngram_coverage"",""direction"":""B>A"",""winner"":""naive"",""loser"":""naive_ngram4"",""winner_resolved"":9,""loser_blocked"":9,""prob_div"":0.8,""dur_div"":8.0,""hit_div"":58.9}]","[""naive"", ""naive_ngram4""]",9,1,0,9,1,0,9,1,0,10,0,0,6,4,0,1,9,0,4,6,0,9,1,0,7,3,0,5,5,0,0.8,8.0,58.9,R----B----,/src/libxml2/tree.c::xmlAddChild::L3400-3449,1
libxml2,6985,/src/libxml2/uri.c,xmlSaveUri,1178,17,T,            if (uri->port > 0) {,1,"[{""A"":""grimoire"",""B"":""cmplog"",""delta"":""grimoire_structural"",""direction"":""A>B"",""winner"":""grimoire"",""loser"":""cmplog"",""winner_resolved"":10,""loser_blocked"":8,""prob_div"":0.8,""dur_div"":13.6,""hit_div"":4.7}]","[""cmplog"", ""grimoire""]",7,3,0,2,8,0,8,2,0,4,6,0,1,9,0,5,5,0,4,6,0,9,1,0,9,1,0,10,0,0,0.8,13.6,4.7,-B-------R,/src/libxml2/uri.c::xmlSaveUri::L1150-1199,1
libxml2,7476,/src/libxml2/SAX2.c,xmlSAX2ProcessingInstruction,2740,9,T,    if (ctxt->inSubset == 1) {,1,"[{""A"":""naive_ctx"",""B"":""naive"",""delta"":""ctx_coverage"",""direction"":""A>B"",""winner"":""naive_ctx"",""loser"":""naive"",""winner_resolved"":8,""loser_blocked"":10,""prob_div"":0.8,""dur_div"":14.2,""hit_div"":340.9}]","[""naive"", ""naive_ctx""]",0,10,0,0,10,0,3,7,0,4,6,0,8,2,0,,,,,,,,,,,,,2,8,0,0.8,14.2,340.9,B---R-----,/src/libxml2/SAX2.c::xmlSAX2ProcessingInstruction::L2700-2749,1
libxml2,8363,/src/libxml2/valid.c,valid.c:xmlValidNormalizeString,2607,6,T,	if (*src == 0x20) {,1,"[{""A"":""grimoire"",""B"":""cmplog"",""delta"":""grimoire_structural"",""direction"":""A>B"",""winner"":""grimoire"",""loser"":""cmplog"",""winner_resolved"":8,""loser_blocked"":10,""prob_div"":0.8,""dur_div"":6.9,""hit_div"":13.8}]","[""cmplog"", ""grimoire""]",0,4,6,0,10,0,2,6,2,5,5,0,3,5,2,,,,1,2,7,3,7,0,0,6,4,8,2,0,0.8,6.9,13.8,-B-------R,/src/libxml2/valid.c::valid.c:xmlValidNormalizeString::L2600-2649,1
libxml2,9435,/src/libxml2/parser.c,parser.c:xmlParseTryOrFinish,11687,8,T,			if (ctxt->nsNr - nsNr > 0),1,"[{""A"":""value_profile_cmplog"",""B"":""value_profile"",""delta"":""I2S"",""direction"":""A>B"",""winner"":""value_profile_cmplog"",""loser"":""value_profile"",""winner_resolved"":8,""loser_blocked"":8,""prob_div"":0.8,""dur_div"":10.22,""hit_div"":1.6}]","[""value_profile"", ""value_profile_cmplog""]",,,,0,7,3,0,8,2,8,2,0,,,,,,,,,,,,,,,,,,,0.8,10.22,1.6,--BR------,/src/libxml2/parser.c::parser.c:xmlParseTryOrFinish::L11650-11699,1
libxml2,9784,/src/libxml2/valid.c,xmlIsMixedElement,3497,2,T,	case XML_ELEMENT_TYPE_UNDEFINED:,1,"[{""A"":""grimoire"",""B"":""cmplog"",""delta"":""grimoire_structural"",""direction"":""A>B"",""winner"":""grimoire"",""loser"":""cmplog"",""winner_resolved"":8,""loser_blocked"":10,""prob_div"":0.8,""dur_div"":8.3,""hit_div"":62.4}]","[""cmplog"", ""grimoire""]",0,10,0,0,10,0,0,10,0,2,8,0,4,6,0,,,,,,,1,9,0,1,9,0,8,2,0,0.8,8.3,62.4,-B-------R,/src/libxml2/valid.c::xmlIsMixedElement::L3450-3499,1
libxml2,6581,/src/libxml2/parser.c,parser.c:xmlParseCharDataComplex,4653,33,F,	    if ((ctxt->sax != NULL) && (!ctxt->disableSAX)) {,1,"[{""A"":""naive_ctx"",""B"":""naive"",""delta"":""ctx_coverage"",""direction"":""A>B"",""winner"":""naive_ctx"",""loser"":""naive"",""winner_resolved"":9,""loser_blocked"":8,""prob_div"":0.7889,""dur_div"":7.57,""hit_div"":2.7}]","[""naive"", ""naive_ctx""]",1,8,1,2,7,1,0,10,0,2,5,3,9,1,0,1,6,3,3,6,1,2,7,1,6,4,0,0,6,4,0.7889,7.57,2.7,B---R-----,/src/libxml2/parser.c::parser.c:xmlParseCharDataComplex::L4650-4699,1
libxml2,6792,/src/libxml2/parser.c,parser.c:xmlParseLookupInternalSubset,11261,18,T,        else if (state == ']') {,1,"[{""A"":""value_profile_cmplog"",""B"":""cmplog"",""delta"":""value_profile"",""direction"":""A>B"",""winner"":""value_profile_cmplog"",""loser"":""cmplog"",""winner_resolved"":9,""loser_blocked"":8,""prob_div"":0.7889,""dur_div"":11.44,""hit_div"":4.8}]","[""cmplog"", ""value_profile_cmplog""]",0,7,3,1,8,1,9,1,0,9,1,0,9,1,0,1,3,6,2,3,5,1,4,5,0,7,3,0,10,0,0.7889,11.44,4.8,-B-R------,/src/libxml2/parser.c::parser.c:xmlParseLookupInternalSubset::L11250-11299,1
libxml2,6800,/src/libxml2/parser.c,parser.c:xmlParseLookupInternalSubset,11304,53,T,"        else if ((*cur == '""') || (*cur == '\'') || (*cur == ']')) {",1,"[{""A"":""value_profile_cmplog"",""B"":""cmplog"",""delta"":""value_profile"",""direction"":""A>B"",""winner"":""value_profile_cmplog"",""loser"":""cmplog"",""winner_resolved"":9,""loser_blocked"":8,""prob_div"":0.7889,""dur_div"":11.44,""hit_div"":4.8}]","[""cmplog"", ""value_profile_cmplog""]",0,7,3,1,8,1,9,1,0,9,1,0,9,1,0,1,3,6,2,3,5,1,4,5,0,7,3,0,10,0,0.7889,11.44,4.8,-B-R------,/src/libxml2/parser.c::parser.c:xmlParseLookupInternalSubset::L11300-11349,1
libxml2,6343,/src/libxml2/encoding.c,xmlDetectCharEncoding,958,25,T,	if ((in[0] == 0x00) && (in[1] == 0x00) &&,1,"[{""A"":""value_profile_cmplog"",""B"":""value_profile"",""delta"":""I2S"",""direction"":""B>A"",""winner"":""value_profile"",""loser"":""value_profile_cmplog"",""winner_resolved"":9,""loser_blocked"":8,""prob_div"":0.7,""dur_div"":15.5,""hit_div"":3.1}]","[""value_profile"", ""value_profile_cmplog""]",1,3,6,1,9,0,9,1,0,2,8,0,5,1,4,4,3,3,4,3,3,3,3,4,3,4,3,4,6,0,0.7,15.5,3.1,--RB------,/src/libxml2/encoding.c::xmlDetectCharEncoding::L950-999,1
libxml2,6383,/src/libxml2/entities.c,xmlGetPredefinedEntity,307,9,T,        case 'a':,1,"[{""A"":""cmplog"",""B"":""naive"",""delta"":""I2S"",""direction"":""A>B"",""winner"":""cmplog"",""loser"":""naive"",""winner_resolved"":8,""loser_blocked"":9,""prob_div"":0.7,""dur_div"":11.0,""hit_div"":126.9}]","[""cmplog"", ""naive""]",1,9,0,8,2,0,3,7,0,5,5,0,1,8,1,3,7,0,2,8,0,4,6,0,4,6,0,4,6,0,0.7,11.0,126.9,BR--------,/src/libxml2/entities.c::xmlGetPredefinedEntity::L300-349,1
libxml2,6402,/src/libxml2/hash.c,xmlHashAddEntry3,572,42,T,	    for (insert = &(table->table[key]); insert->next != NULL;,1,"[{""A"":""cmplog"",""B"":""naive"",""delta"":""I2S"",""direction"":""A>B"",""winner"":""cmplog"",""loser"":""naive"",""winner_resolved"":8,""loser_blocked"":9,""prob_div"":0.7,""dur_div"":5.6,""hit_div"":1.0}]","[""cmplog"", ""naive""]",1,9,0,8,2,0,4,6,0,5,5,0,1,8,1,1,9,0,2,6,2,4,6,0,1,6,3,10,0,0,0.7,5.6,1.0,BR--------,/src/libxml2/hash.c::xmlHashAddEntry3::L550-599,1
libxml2,6643,/src/libxml2/parser.c,parser.c:xmlParseElementChildrenContentDeclPriv,6358,6,T,	if (RAW == '?') {,1,"[{""A"":""value_profile_cmplog"",""B"":""value_profile"",""delta"":""I2S"",""direction"":""A>B"",""winner"":""value_profile_cmplog"",""loser"":""value_profile"",""winner_resolved"":9,""loser_blocked"":8,""prob_div"":0.7,""dur_div"":11.0,""hit_div"":5.1}]","[""value_profile"", ""value_profile_cmplog""]",1,9,0,3,7,0,2,8,0,9,1,0,3,7,0,0,10,0,2,8,0,0,10,0,3,7,0,8,2,0,0.7,11.0,5.1,--BR------,/src/libxml2/parser.c::parser.c:xmlParseElementChildrenContentDeclPriv::L6350-6399,1
libxml2,6655,/src/libxml2/parser.c,parser.c:xmlParseElementChildrenContentDeclPriv,6524,9,T,    if (RAW == '?') {,1,"[{""A"":""value_profile"",""B"":""naive"",""delta"":""value_profile"",""direction"":""A>B"",""winner"":""value_profile"",""loser"":""naive"",""winner_resolved"":8,""loser_blocked"":9,""prob_div"":0.7,""dur_div"":11.5,""hit_div"":3.1}]","[""naive"", ""value_profile""]",1,9,0,4,6,0,8,2,0,4,6,0,4,6,0,3,7,0,3,7,0,4,6,0,1,9,0,6,4,0,0.7,11.5,3.1,B-R-------,/src/libxml2/parser.c::parser.c:xmlParseElementChildrenContentDeclPriv::L6500-6549,1
libxml2,6837,/src/libxml2/parser.c,parser.c:xmlParseTryOrFinish,11754,7,F,		    (ctxt->input->cur[8] == '[')) {,1,"[{""A"":""value_profile_cmplog"",""B"":""value_profile"",""delta"":""I2S"",""direction"":""B>A"",""winner"":""value_profile"",""loser"":""value_profile_cmplog"",""winner_resolved"":9,""loser_blocked"":8,""prob_div"":0.7,""dur_div"":13.1,""hit_div"":2.9}]","[""value_profile"", ""value_profile_cmplog""]",3,7,0,0,9,1,9,1,0,2,8,0,5,5,0,7,3,0,7,3,0,4,6,0,6,4,0,1,9,0,0.7,13.1,2.9,--RB------,/src/libxml2/parser.c::parser.c:xmlParseTryOrFinish::L11750-11799,1
libxml2,6950,/src/libxml2/tree.c,xmlSearchNs,6185,7,F,		if ((cur->prefix != NULL) && (nameSpace != NULL) &&,1,"[{""A"":""grimoire"",""B"":""cmplog"",""delta"":""grimoire_structural"",""direction"":""A>B"",""winner"":""grimoire"",""loser"":""cmplog"",""winner_resolved"":9,""loser_blocked"":8,""prob_div"":0.7,""dur_div"":8.1,""hit_div"":29.2}]","[""cmplog"", ""grimoire""]",1,9,0,2,8,0,7,3,0,6,4,0,3,7,0,0,10,0,0,10,0,3,7,0,1,9,0,9,1,0,0.7,8.1,29.2,-B-------R,/src/libxml2/tree.c::xmlSearchNs::L6150-6199,1
libxml2,7123,/src/libxml2/valid.c,valid.c:xmlIsDocNameChar,3555,6,T,	    (c == '_') || (c == ':') ||,1,"[{""A"":""grimoire"",""B"":""cmplog"",""delta"":""grimoire_structural"",""direction"":""A>B"",""winner"":""grimoire"",""loser"":""cmplog"",""winner_resolved"":8,""loser_blocked"":9,""prob_div"":0.7,""dur_div"":5.2,""hit_div"":68.7}]","[""cmplog"", ""grimoire""]",0,10,0,1,9,0,3,7,0,4,6,0,3,6,1,,,,,,,5,5,0,0,9,1,8,2,0,0.7,5.2,68.7,-B-------R,/src/libxml2/valid.c::valid.c:xmlIsDocNameChar::L3550-3599,2
libxml2,7287,/src/libxml2/xmlreader.c,xmlTextReaderMoveToAttributeNo,2540,11,T,    for (;i < no;i++) {,1,"[{""A"":""cmplog"",""B"":""naive"",""delta"":""I2S"",""direction"":""A>B"",""winner"":""cmplog"",""loser"":""naive"",""winner_resolved"":9,""loser_blocked"":8,""prob_div"":0.7,""dur_div"":11.6,""hit_div"":4.5}]","[""cmplog"", ""naive""]",2,8,0,9,1,0,3,7,0,10,0,0,3,7,0,1,9,0,1,9,0,5,5,0,2,8,0,10,0,0,0.7,11.6,4.5,BR--------,/src/libxml2/xmlreader.c::xmlTextReaderMoveToAttributeNo::L2500-2549,1
libxml2,8138,/src/libxml2/parserInternals.c,xmlStringCurrentChar,764,17,T,            if (!IS_CHAR(val)) {,1,"[{""A"":""value_profile_cmplog"",""B"":""value_profile"",""delta"":""I2S"",""direction"":""A>B"",""winner"":""value_profile_cmplog"",""loser"":""value_profile"",""winner_resolved"":8,""loser_blocked"":9,""prob_div"":0.7,""dur_div"":5.1,""hit_div"":3.1}]","[""value_profile"", ""value_profile_cmplog""]",0,5,5,0,6,4,1,9,0,8,2,0,,,,,,,,,,1,9,0,1,3,6,1,9,0,0.7,5.1,3.1,--BR------,/src/libxml2/parserInternals.c::xmlStringCurrentChar::L750-799,1
libxml2,6193,/src/libxml2/SAX2.c,SAX2.c:xmlSAX2AttributeInternal,1171,49,F,        (name[3] == 'n') && (name[4] == 's') && (name[5] == 0)) {,1,"[{""A"":""value_profile_cmplog"",""B"":""value_profile"",""delta"":""I2S"",""direction"":""A>B"",""winner"":""value_profile_cmplog"",""loser"":""value_profile"",""winner_resolved"":8,""loser_blocked"":8,""prob_div"":0.6889,""dur_div"":3.11,""hit_div"":6.5}]","[""value_profile"", ""value_profile_cmplog""]",2,2,6,6,0,4,1,8,1,8,2,0,4,4,2,2,0,8,1,0,9,5,2,3,2,2,6,,,,0.6889,3.11,6.5,--BR------,/src/libxml2/SAX2.c::SAX2.c:xmlSAX2AttributeInternal::L1150-1199,1
libxml2,6205,/src/libxml2/SAX2.c,SAX2.c:xmlSAX2AttributeInternal,1236,9,F,        (ns[3] == 'n') && (ns[4] == 's') && (ns[5] == 0)) {,1,"[{""A"":""cmplog"",""B"":""naive"",""delta"":""I2S"",""direction"":""A>B"",""winner"":""cmplog"",""loser"":""naive"",""winner_resolved"":8,""loser_blocked"":8,""prob_div"":0.6,""dur_div"":7.9,""hit_div"":9.2}]","[""cmplog"", ""naive""]",2,8,0,8,2,0,3,7,0,10,0,0,5,5,0,0,9,1,1,8,1,5,5,0,4,6,0,10,0,0,0.6,7.9,9.2,BR--------,/src/libxml2/SAX2.c::SAX2.c:xmlSAX2AttributeInternal::L1200-1249,1
libxml2,6576,/src/libxml2/parser.c,xmlParseCharData,4610,31,T,             (*in == 0x09) || (*in == 0x0a));,1,"[{""A"":""naive_ctx"",""B"":""naive"",""delta"":""ctx_coverage"",""direction"":""B>A"",""winner"":""naive"",""loser"":""naive_ctx"",""winner_resolved"":8,""loser_blocked"":8,""prob_div"":0.6,""dur_div"":8.0,""hit_div"":57.0}]","[""naive"", ""naive_ctx""]",8,2,0,10,0,0,5,5,0,9,1,0,2,8,0,4,6,0,6,4,0,7,3,0,4,6,0,9,1,0,0.6,8.0,57.0,R---B-----,/src/libxml2/parser.c::xmlParseCharData::L4600-4649,1
libxml2,7147,/src/libxml2/valid.c,xmlValidCtxtNormalizeAttributeValue,4071,9,T,    if ((elem->ns != NULL) && (elem->ns->prefix != NULL)) {,1,"[{""A"":""grimoire"",""B"":""cmplog"",""delta"":""grimoire_structural"",""direction"":""A>B"",""winner"":""grimoire"",""loser"":""cmplog"",""winner_resolved"":8,""loser_blocked"":8,""prob_div"":0.6,""dur_div"":8.6,""hit_div"":412.9}]","[""cmplog"", ""grimoire""]",1,9,0,2,8,0,7,3,0,5,5,0,3,7,0,0,10,0,0,10,0,2,8,0,2,8,0,8,2,0,0.6,8.6,412.9,-B-------R,/src/libxml2/valid.c::xmlValidCtxtNormalizeAttributeValue::L4050-4099,1
